ID,Local_ID,Language_ID,Parameter_ID,Value,Form,Segments,Comment,Source,Cognacy,Loan,Graphemes,Profile,Transcriptions,AlternativeValues
kara1499-1-100-1,,kara1499,1-100,dunia,dunia,,Malay or other Austronesian loan,visser2021,,true,,,Phonemic,
kara1499-1-210-1,,kara1499,1-210,kibis,kibis,,,visser2021,,false,,,Phonemic,
kara1499-1-212-1,,kara1499,1-212,naun,naun,,,visser2021,,false,,,Phonemic,
kara1499-1-214-1,,kara1499,1-214,paos,paos,,,visser2021,,false,,,Phonemic,
kara1499-1-215-1,,kara1499,1-215,os,os,,,visser2021,,false,,,Phonemic,
kara1499-1-220-1,,kara1499,1-220,turing,turing,,,visser2021,,false,,,Phonemic,
kara1499-1-220-2,,kara1499,1-220,kolak,kolak,,,visser2021,,false,,,Phonemic,
kara1499-1-222-1,,kara1499,1-222,karemun,karemun,,,visser2021,,false,,,Phonemic,
kara1499-1-250-1,,kara1499,1-250,lempuang,lempuang,,,visser2021,,false,,,Phonemic,
kara1499-1-260-1,,kara1499,1-260,kibis,kibis,,,visser2021,,false,,,Phonemic,
kara1499-1-260-2,,kara1499,1-260,kolak,kolak,,,visser2021,,false,,,Phonemic,
kara1499-1-270-1,,kara1499,1-270,pasierbol,pasierbol,,,visser2021,,false,,,Phonemic,
kara1499-1-270-2,,kara1499,1-270,kibis,kibis,,,visser2021,,false,,,Phonemic,
kara1499-1-280-1,,kara1499,1-280,iar,iar,,,visser2021,,false,,,Phonemic,
kara1499-1-310-1,,kara1499,1-310,per,per,,,visser2021,,false,,,Phonemic,
kara1499-1-320-1,,kara1499,1-320,pasier,pasier,,,visser2021,,false,,,Phonemic,
kara1499-1-320-2,,kara1499,1-320,wilak,wilak,,,visser2021,,false,,,Phonemic,
kara1499-1-322-1,,kara1499,1-322,up,up,,,visser2021,,false,,,Phonemic,
kara1499-1-323-1,,kara1499,1-323,ur temun,ur temun,,,visser2021,,false,,,Phonemic,
kara1499-1-324-1,,kara1499,1-324,pus,pus,,,visser2021,,false,,,Phonemic,
kara1499-1-329-1,,kara1499,1-329,pasier,pasier,,,visser2021,,false,,,Phonemic,
kara1499-1-329-2,,kara1499,1-329,wilak,wilak,,,visser2021,,false,,,Phonemic,
kara1499-1-330-1,,kara1499,1-330,kat,kat,,,visser2021,,false,,,Phonemic,
kara1499-1-340-1,,kara1499,1-340,arep,arep,,,visser2021,,false,,,Phonemic,
kara1499-1-341-1,,kara1499,1-341,arep,arep,,,visser2021,,false,,,Phonemic,
kara1499-1-342-1,,kara1499,1-342,tebol,tebol,,,visser2021,,false,,,Phonemic,
kara1499-1-342-2,,kara1499,1-342,ram,ram,,,visser2021,,false,,,Phonemic,
kara1499-1-342-3,,kara1499,1-342,lam,lam,,,visser2021,,false,,,Phonemic,
kara1499-1-350-1,,kara1499,1-350,uren,uren,,,visser2021,,false,,,Phonemic,
kara1499-1-352-1,,kara1499,1-352,warkin,warkin,,,visser2021,,false,,,Phonemic,
kara1499-1-353-1,,kara1499,1-353,warkin kararak,warkin kararak,,,visser2021,,false,,,Phonemic,
kara1499-1-353-2,,kara1499,1-353,terar kararak,terar kararak,,,visser2021,,false,,,Phonemic,
kara1499-1-353-3,,kara1499,1-353,warkin tararup,warkin tararup,,,visser2021,,false,,,Phonemic,
kara1499-1-353-4,,kara1499,1-353,warkin garos,warkin garos,,,visser2021,,false,,,Phonemic,
kara1499-1-354-1,,kara1499,1-354,warkin laur,warkin laur,,,visser2021,,false,,,Phonemic,
kara1499-1-354-2,,kara1499,1-354,warkin nasesak,warkin nasesak,,,visser2021,,false,,,Phonemic,
kara1499-1-360-1,,kara1499,1-360,kat,kat,,,visser2021,,false,,,Phonemic,
kara1499-1-390-1,,kara1499,1-390,perki,perki,,,visser2021,,false,,,Phonemic,
kara1499-1-410-1,,kara1499,1-410,kolak,kolak,,,visser2021,,false,,,Phonemic,
kara1499-1-420-1,,kara1499,1-420,ror,ror,,,visser2021,,false,,,Phonemic,
kara1499-1-430-1,,kara1499,1-430,ror,ror,,,visser2021,,false,,,Phonemic,
kara1499-1-440-1,,kara1499,1-440,yar,yar,,,visser2021,,false,,,Phonemic,
kara1499-1-450-1,,kara1499,1-450,leng dek,leng dek,,,visser2021,,false,,,Phonemic,
kara1499-1-510-1,,kara1499,1-510,kisileng,kisileng,,,visser2021,,false,,,Phonemic,
kara1499-1-520-1,,kara1499,1-520,yuon,yuon,,,visser2021,,false,,,Phonemic,
kara1499-1-530-1,,kara1499,1-530,pak,pak,,,visser2021,,false,,,Phonemic,
kara1499-1-540-1,,kara1499,1-540,maser,maser,,,visser2021,,false,,,Phonemic,
kara1499-1-550-1,,kara1499,1-550,godelep,godelep,,,visser2021,,false,,,Phonemic,
kara1499-1-560-1,,kara1499,1-560,godarung,godarung,,,visser2021,,false,,,Phonemic,
kara1499-1-580-1,,kara1499,1-580,ur temun,ur temun,,,visser2021,,false,,,Phonemic,
kara1499-1-590-1,,kara1499,1-590,kalis tanggir,kalis tanggir,,,visser2021,,false,,,Phonemic,
kara1499-1-610-1,,kara1499,1-610,yuol,yuol,,,visser2021,,false,,,Phonemic,
kara1499-1-620-1,,kara1499,1-620,sausaun,sausaun,,,visser2021,,false,,,Phonemic,
kara1499-1-630-1,,kara1499,1-630,kiek,kiek,,,visser2021,,false,,,Phonemic,
kara1499-1-630-2,,kara1499,1-630,kiekter,kiekter,,,visser2021,,false,,,Phonemic,
kara1499-1-640-1,,kara1499,1-640,masinul,masinul,,,visser2021,,false,,,Phonemic,
kara1499-1-720-1,,kara1499,1-720,ur,ur,,,visser2021,,false,,,Phonemic,
kara1499-1-730-1,,kara1499,1-730,ur kirun,ur kirun,,,visser2021,,false,,,Phonemic,
kara1499-1-740-1,,kara1499,1-740,teok,teok,,,visser2021,,false,,,Phonemic,
kara1499-1-750-1,,kara1499,1-750,kalis,kalis,,,visser2021,,false,,,Phonemic,
kara1499-1-760-1,,kara1499,1-760,teok,teok,,,visser2021,,false,,,Phonemic,
kara1499-1-770-1,,kara1499,1-770,es,es,,,visser2021,,false,,,Phonemic,
kara1499-1-780-1,,kara1499,1-780,go,go,,,visser2021,,false,,,Phonemic,
kara1499-1-810-1,,kara1499,1-810,din,din,,,visser2021,,false,,,Phonemic,
kara1499-1-820-1,,kara1499,1-820,din paras,din paras,,,visser2021,,false,,,Phonemic,
kara1499-1-830-1,,kara1499,1-830,diguar,diguar,,,visser2021,,false,,,Phonemic,
kara1499-1-840-1,,kara1499,1-840,koep,koep,,,visser2021,,false,,,Phonemic,
kara1499-1-841-1,,kara1499,1-841,din songsong,din songsong,,,visser2021,,false,,,Phonemic,
kara1499-1-841-2,,kara1499,1-841,paras,paras,,,visser2021,,false,,,Phonemic,
kara1499-1-851-1,,kara1499,1-851,komaruk,komaruk,,,visser2021,,false,,,Phonemic,
kara1499-1-852-1,,kara1499,1-852,dinan,dinan,,,visser2021,,false,,,Phonemic,
kara1499-1-860-1,,kara1499,1-860,up,up,,,visser2021,,false,,,Phonemic,
kara1499-1-861-1,,kara1499,1-861,rua,rua,,,visser2021,,false,,,Phonemic,
kara1499-1-880-1,,kara1499,1-880,kai,kai,,,visser2021,,false,,,Phonemic,
kara1499-1-890-1,,kara1499,1-890,kus,kus,,,visser2021,,false,,,Phonemic,
kara1499-2-100-1,,kara1499,2-100,sontum,sontum,,,visser2021,,false,,,Phonemic,
kara1499-2-100-2,,kara1499,2-100,som,som,,,visser2021,,false,,,Phonemic,
kara1499-2-210-1,,kara1499,2-210,teya,teya,,,visser2021,,false,,,Phonemic,
kara1499-2-210-2,,kara1499,2-210,canam,canam,,,visser2021,,false,,,Phonemic,
kara1499-2-220-1,,kara1499,2-220,pebis,pebis,,,visser2021,,false,,,Phonemic,
kara1499-2-220-2,,kara1499,2-220,pas,pas,,,visser2021,,false,,,Phonemic,
kara1499-2-230-1,,kara1499,2-230,teya,teya,,,visser2021,,false,,,Phonemic,
kara1499-2-230-2,,kara1499,2-230,canam,canam,,,visser2021,,false,,,Phonemic,
kara1499-2-240-1,,kara1499,2-240,pebis,pebis,,,visser2021,,false,,,Phonemic,
kara1499-2-240-2,,kara1499,2-240,pas,pas,,,visser2021,,false,,,Phonemic,
kara1499-2-250-1,,kara1499,2-250,tumun canam,tumun canam,,,visser2021,,false,,,Phonemic,
kara1499-2-251-1,,kara1499,2-251,teya towari,teya towari,,,visser2021,,false,,,Phonemic,
kara1499-2-260-1,,kara1499,2-260,tumun pas,tumun pas,,,visser2021,,false,,,Phonemic,
kara1499-2-261-1,,kara1499,2-261,pebis towari,pebis towari,,,visser2021,,false,,,Phonemic,
kara1499-2-270-1,,kara1499,2-270,tumun,tumun,,,visser2021,,false,,,Phonemic,
kara1499-2-280-1,,kara1499,2-280,au,au,,,visser2021,,false,,,Phonemic,
kara1499-2-310-1,,kara1499,2-310,nam,nam,,,visser2021,,false,,,Phonemic,
kara1499-2-320-1,,kara1499,2-320,kiar,kiar,,,visser2021,,false,,,Phonemic,
kara1499-2-330-1,,kara1499,2-330,kion,kion,,,visser2021,,false,,,Phonemic,
kara1499-2-330-2,,kara1499,2-330,namgon,namgon,,,visser2021,,false,,,Phonemic,
kara1499-2-340-1,,kara1499,2-340,halar,halar,,Malay or other Austronesian loan,visser2021,,true,,,Phonemic,
kara1499-2-340-2,,kara1499,2-340,nika,nika,,Malay or other Austronesian loan,visser2021,,true,,,Phonemic,
kara1499-2-350-1,,kara1499,2-350,esa,esa,,,visser2021,,false,,,Phonemic,
kara1499-2-360-1,,kara1499,2-360,ema,ema,,,visser2021,,false,,,Phonemic,
kara1499-2-410-1,,kara1499,2-410,tumun canam,tumun canam,,,visser2021,,false,,,Phonemic,
kara1499-2-420-1,,kara1499,2-420,tumun pas,tumun pas,,,visser2021,,false,,,Phonemic,
kara1499-2-440-1,,kara1499,2-440,dun-,dun-,,opposite sex,visser2021,,false,,,Phonemic,
kara1499-2-440-2,,kara1499,2-440,kia-,kia-,,same sex,visser2021,,false,,,Phonemic,
kara1499-2-444-1,,kara1499,2-444,dun- temun,dun- temun,,opposite sex,visser2021,,false,,,Phonemic,
kara1499-2-444-2,,kara1499,2-444,kia- temun,kia- temun,,same sex,visser2021,,false,,,Phonemic,
kara1499-2-445-1,,kara1499,2-445,dun- cicaun,dun- cicaun,,opposite sex,visser2021,,false,,,Phonemic,
kara1499-2-445-2,,kara1499,2-445,kia- cicaun,kia- cicaun,,same sex,visser2021,,false,,,Phonemic,
kara1499-2-450-1,,kara1499,2-450,dun-,dun-,,opposite sex,visser2021,,false,,,Phonemic,
kara1499-2-450-2,,kara1499,2-450,kia-,kia-,,same sex,visser2021,,false,,,Phonemic,
kara1499-2-454-1,,kara1499,2-454,dun- temun,dun- temun,,opposite sex,visser2021,,false,,,Phonemic,
kara1499-2-454-2,,kara1499,2-454,kia- temun,kia- temun,,same sex,visser2021,,false,,,Phonemic,
kara1499-2-455-1,,kara1499,2-455,dun- cicaun,dun- cicaun,,opposite sex,visser2021,,false,,,Phonemic,
kara1499-2-455-2,,kara1499,2-455,kia- cicaun,kia- cicaun,,same sex,visser2021,,false,,,Phonemic,
kara1499-2-456-1,,kara1499,2-456,dun-,dun-,,opposite sex,visser2021,,false,,,Phonemic,
kara1499-2-456-2,,kara1499,2-456,kia-,kia-,,same sex,visser2021,,false,,,Phonemic,
kara1499-2-460-1,,kara1499,2-460,tara esnem,tara esnem,,,visser2021,,false,,,Phonemic,
kara1499-2-460-2,,kara1499,2-460,tata,tata,,,visser2021,,false,,,Phonemic,
kara1499-2-461-1,,kara1499,2-461,esnem,esnem,,,visser2021,,false,,,Phonemic,
kara1499-2-470-1,,kara1499,2-470,tara emnem,tara emnem,,,visser2021,,false,,,Phonemic,
kara1499-2-470-2,,kara1499,2-470,nina,nina,,,visser2021,,false,,,Phonemic,
kara1499-2-471-1,,kara1499,2-471,emnem,emnem,,,visser2021,,false,,,Phonemic,
kara1499-2-480-1,,kara1499,2-480,tara canam,tara canam,,,visser2021,,false,,,Phonemic,
kara1499-2-490-1,,kara1499,2-490,tara pas,tara pas,,,visser2021,,false,,,Phonemic,
kara1499-2-510-1,,kara1499,2-510,esa,esa,,FB,visser2021,,false,,,Phonemic,
kara1499-2-510-2,,kara1499,2-510,mama,mama,,MB,visser2021,,false,,,Phonemic,
kara1499-2-510-3,,kara1499,2-510,om,om,,Malay or other Austronesian loan,visser2021,,true,,,Phonemic,
kara1499-2-511-1,,kara1499,2-511,mama,mama,,,visser2021,,false,,,Phonemic,
kara1499-2-512-1,,kara1499,2-512,esa,esa,,,visser2021,,false,,,Phonemic,
kara1499-2-520-1,,kara1499,2-520,ema,ema,,MZ,visser2021,,false,,,Phonemic,
kara1499-2-520-2,,kara1499,2-520,u,u,,FZ,visser2021,,false,,,Phonemic,
kara1499-2-520-3,,kara1499,2-520,ulan,ulan,,FZ,visser2021,,false,,,Phonemic,
kara1499-2-521-1,,kara1499,2-521,ema,ema,,,visser2021,,false,,,Phonemic,
kara1499-2-522-1,,kara1499,2-522,u,u,,,visser2021,,false,,,Phonemic,
kara1499-2-522-2,,kara1499,2-522,ulan,ulan,,,visser2021,,false,,,Phonemic,
kara1499-2-530-1,,kara1499,2-530,dudan,dudan,,,visser2021,,false,,,Phonemic,
kara1499-2-530-2,,kara1499,2-530,korap,korap,,,visser2021,,false,,,Phonemic,
kara1499-2-540-1,,kara1499,2-540,dudan,dudan,,,visser2021,,false,,,Phonemic,
kara1499-2-540-2,,kara1499,2-540,korap,korap,,,visser2021,,false,,,Phonemic,
kara1499-2-550-1,,kara1499,2-550,dudan,dudan,,,visser2021,,false,,,Phonemic,
kara1499-2-550-2,,kara1499,2-550,korap,korap,,,visser2021,,false,,,Phonemic,
kara1499-2-560-1,,kara1499,2-560,moyang,moyang,,Malay or other Austronesian loan,visser2021,,true,,,Phonemic,
kara1499-2-610-1,,kara1499,2-610,ketan,ketan,,,visser2021,,false,,,Phonemic,
kara1499-2-611-1,,kara1499,2-611,ketan,ketan,,,visser2021,,false,,,Phonemic,
kara1499-2-620-1,,kara1499,2-620,ketan,ketan,,,visser2021,,false,,,Phonemic,
kara1499-2-621-1,,kara1499,2-621,ketan,ketan,,,visser2021,,false,,,Phonemic,
kara1499-2-630-1,,kara1499,2-630,ketan,ketan,,,visser2021,,false,,,Phonemic,
kara1499-2-631-1,,kara1499,2-631,ketan,ketan,,,visser2021,,false,,,Phonemic,
kara1499-2-640-1,,kara1499,2-640,ketan,ketan,,,visser2021,,false,,,Phonemic,
kara1499-2-641-1,,kara1499,2-641,ketan,ketan,,,visser2021,,false,,,Phonemic,
kara1499-2-750-1,,kara1499,2-750,tumun miskinden,tumun miskinden,,miskin Malay or other Austronesian loan,visser2021,,true,,,Phonemic,
kara1499-2-760-1,,kara1499,2-760,paskot,paskot,,,visser2021,,false,,,Phonemic,
kara1499-2-770-1,,kara1499,2-770,kamun,kamun,,,visser2021,,false,,,Phonemic,
kara1499-2-910-1,,kara1499,2-910,an,an,,,visser2021,,false,,,Phonemic,
kara1499-2-920-1,,kara1499,2-920,ka,ka,,,visser2021,,false,,,Phonemic,
kara1499-2-930-1,,kara1499,2-930,mama,mama,,,visser2021,,false,,,Phonemic,
kara1499-2-940-1,,kara1499,2-940,in,in,,,visser2021,,false,,,Phonemic,
kara1499-2-940-2,,kara1499,2-940,pi,pi,,,visser2021,,false,,,Phonemic,
kara1499-2-941-1,,kara1499,2-941,pi,pi,,,visser2021,,false,,,Phonemic,
kara1499-2-942-1,,kara1499,2-942,in,in,,,visser2021,,false,,,Phonemic,
kara1499-2-950-1,,kara1499,2-950,ki,ki,,,visser2021,,false,,,Phonemic,
kara1499-2-960-1,,kara1499,2-960,mu,mu,,,visser2021,,false,,,Phonemic,
kara1499-3-110-1,,kara1499,3-110,binatang,binatang,,Malay or other Austronesian loan,visser2021,,true,,,Phonemic,
kara1499-3-110-2,,kara1499,3-110,hewan,hewan,,Malay or other Austronesian loan,visser2021,,true,,,Phonemic,
kara1499-3-120-1,,kara1499,3-120,teya,teya,,,visser2021,,false,,,Phonemic,
kara1499-3-120-2,,kara1499,3-120,canam,canam,,,visser2021,,false,,,Phonemic,
kara1499-3-130-1,,kara1499,3-130,pebis,pebis,,,visser2021,,false,,,Phonemic,
kara1499-3-130-2,,kara1499,3-130,pas,pas,,,visser2021,,false,,,Phonemic,
kara1499-3-230-1,,kara1499,3-230,sapi,sapi,,Malay or other Austronesian loan,visser2021,,true,,,Phonemic,
kara1499-3-350-1,,kara1499,3-350,pep,pep,,,visser2021,,false,,,Phonemic,
kara1499-3-360-1,,kara1499,3-360,lek,lek,,,visser2021,,false,,,Phonemic,
kara1499-3-410-1,,kara1499,3-410,lajarang,lajarang,,,visser2021,,false,,,Phonemic,
kara1499-3-550-1,,kara1499,3-550,kokok,kokok,,,visser2021,,false,,,Phonemic,
kara1499-3-570-1,,kara1499,3-570,bebak,bebak,,Malay or other Austronesian loan,visser2021,,true,,,Phonemic,
kara1499-3-580-1,,kara1499,3-580,eun,eun,,,visser2021,,false,,,Phonemic,
kara1499-3-581-1,,kara1499,3-581,kasamin,kasamin,,,visser2021,,false,,,Phonemic,
kara1499-3-582-1,,kara1499,3-582,kaskas,kaskas,,,visser2021,,false,,,Phonemic,
kara1499-3-583-1,,kara1499,3-583,doka,doka,,,visser2021,,false,,,Phonemic,
kara1499-3-584-1,,kara1499,3-584,lusi,lusi,,,visser2021,,false,,,Phonemic,
kara1499-3-591-1,,kara1499,3-591,kuek,kuek,,,visser2021,,false,,,Phonemic,
kara1499-3-592-1,,kara1499,3-592,kastupi,kastupi,,,visser2021,,false,,,Phonemic,
kara1499-3-592-2,,kara1499,3-592,keir,keir,,,visser2021,,false,,,Phonemic,
kara1499-3-592-3,,kara1499,3-592,wororoi,wororoi,,,visser2021,,false,,,Phonemic,
kara1499-3-592-4,,kara1499,3-592,busbus,busbus,,,visser2021,,false,,,Phonemic,
kara1499-3-593-1,,kara1499,3-593,goras,goras,,,visser2021,,false,,,Phonemic,
kara1499-3-594-1,,kara1499,3-594,sikuki,sikuki,,,visser2021,,false,,,Phonemic,
kara1499-3-596-1,,kara1499,3-596,kumbai,kumbai,,,visser2021,,false,,,Phonemic,
kara1499-3-596-2,,kara1499,3-596,parai,parai,,,visser2021,,false,,,Phonemic,
kara1499-3-610-1,,kara1499,3-610,bal,bal,,,visser2021,,false,,,Phonemic,
kara1499-3-620-1,,kara1499,3-620,sikan,sikan,,,visser2021,,false,,,Phonemic,
kara1499-3-650-1,,kara1499,3-650,sor,sor,,,visser2021,,false,,,Phonemic,
kara1499-3-655-1,,kara1499,3-655,ko,ko,,,visser2021,,false,,,Phonemic,
kara1499-3-661-1,,kara1499,3-661,ruar,ruar,,,visser2021,,false,,,Phonemic,
kara1499-3-661-2,,kara1499,3-661,war,war,,,visser2021,,false,,,Phonemic,
kara1499-3-662-1,,kara1499,3-662,kurap,kurap,,,visser2021,,false,,,Phonemic,
kara1499-3-663-1,,kara1499,3-663,kowam,kowam,,,visser2021,,false,,,Phonemic,
kara1499-3-665-1,,kara1499,3-665,baluku,baluku,,,visser2021,,false,,,Phonemic,
kara1499-3-750-1,,kara1499,3-750,rusa,rusa,,,visser2021,,false,,,Phonemic,
kara1499-3-760-1,,kara1499,3-760,leki,leki,,Malay or other Austronesian loan,visser2021,,true,,,Phonemic,
kara1499-3-760-2,,kara1499,3-760,monyet,monyet,,Malay or other Austronesian loan,visser2021,,true,,,Phonemic,
kara1499-3-811-1,,kara1499,3-811,mun,mun,,,visser2021,,false,,,Phonemic,
kara1499-3-812-1,,kara1499,3-812,mun narun,mun narun,,,visser2021,,false,,,Phonemic,
kara1499-3-813-1,,kara1499,3-813,mun,mun,,,visser2021,,false,,,Phonemic,
kara1499-3-814-1,,kara1499,3-814,masawin,masawin,,,visser2021,,false,,,Phonemic,
kara1499-3-816-1,,kara1499,3-816,dudin,dudin,,,visser2021,,false,,,Phonemic,
kara1499-3-817-1,,kara1499,3-817,singasingat,singasingat,,,visser2021,,false,,,Phonemic,
kara1499-3-817-2,,kara1499,3-817,donenet,donenet,,,visser2021,,false,,,Phonemic,
kara1499-3-817-3,,kara1499,3-817,karebar,karebar,,,visser2021,,false,,,Phonemic,
kara1499-3-818-1,,kara1499,3-818,pueselet,pueselet,,,visser2021,,false,,,Phonemic,
kara1499-3-820-1,,kara1499,3-820,wenawena,wenawena,,,visser2021,,false,,,Phonemic,
kara1499-3-822-1,,kara1499,3-822,wenawena eun,wenawena eun,,,visser2021,,false,,,Phonemic,
kara1499-3-823-1,,kara1499,3-823,wenawena,wenawena,,,visser2021,,false,,,Phonemic,
kara1499-3-830-1,,kara1499,3-830,pabalet,pabalet,,,visser2021,,false,,,Phonemic,
kara1499-3-832-1,,kara1499,3-832,kalkalet,kalkalet,,,visser2021,,false,,,Phonemic,
kara1499-3-840-1,,kara1499,3-840,iban,iban,,,visser2021,,false,,,Phonemic,
kara1499-3-840-2,,kara1499,3-840,subuman,subuman,,,visser2021,,false,,,Phonemic,
kara1499-3-850-1,,kara1499,3-850,kip,kip,,,visser2021,,false,,,Phonemic,
kara1499-3-910-1,,kara1499,3-910,elam,elam,,,visser2021,,false,,,Phonemic,
kara1499-3-910-2,,kara1499,3-910,karop,karop,,,visser2021,,false,,,Phonemic,
kara1499-3-910-3,,kara1499,3-910,mata dimdim,mata dimdim,,,visser2021,,false,,,Phonemic,
kara1499-3-920-1,,kara1499,3-920,pulpul,pulpul,,,visser2021,,false,,,Phonemic,
kara1499-3-930-1,,kara1499,3-930,pulseka,pulseka,,,visser2021,,false,,,Phonemic,
kara1499-3-930-2,,kara1499,3-930,wuar sisiarun,wuar sisiarun,,,visser2021,,false,,,Phonemic,
kara1499-3-940-1,,kara1499,3-940,yuot,yuot,,,visser2021,,false,,,Phonemic,
kara1499-3-940-2,,kara1499,3-940,tabili,tabili,,,visser2021,,false,,,Phonemic,
kara1499-3-940-3,,kara1499,3-940,tabuon,tabuon,,,visser2021,,false,,,Phonemic,
kara1499-3-940-4,,kara1499,3-940,nunggununggu,nunggununggu,,,visser2021,,false,,,Phonemic,
kara1499-3-950-1,,kara1499,3-950,kareng,kareng,,,visser2021,,false,,,Phonemic,
kara1499-3-960-1,,kara1499,3-960,sebua,sebua,,,visser2021,,false,,,Phonemic,
kara1499-3-960-2,,kara1499,3-960,irong,irong,,,visser2021,,false,,,Phonemic,
kara1499-3-960-3,,kara1499,3-960,iwora,iwora,,,visser2021,,false,,,Phonemic,
kara1499-3-960-4,,kara1499,3-960,wakpol,wakpol,,,visser2021,,false,,,Phonemic,
kara1499-3-970-1,,kara1499,3-970,paramuang,paramuang,,,visser2021,,false,,,Phonemic,
kara1499-3-980-1,,kara1499,3-980,kerar,kerar,,,visser2021,,false,,,Phonemic,
kara1499-3-980-2,,kara1499,3-980,tabom,tabom,,,visser2021,,false,,,Phonemic,
kara1499-4-110-1,,kara1499,4-110,eren,eren,,,visser2021,,false,,,Phonemic,
kara1499-4-110-2,,kara1499,4-110,kaden,kaden,,,visser2021,,false,,,Phonemic,
kara1499-4-120-1,,kara1499,4-120,kulun,kulun,,,visser2021,,false,,,Phonemic,
kara1499-4-130-1,,kara1499,4-130,dagim,dagim,,Malay or other Austronesian loan,visser2021,,true,,,Phonemic,
kara1499-4-140-1,,kara1499,4-140,westal,westal,,,visser2021,,false,,,Phonemic,
kara1499-4-140-2,,kara1499,4-140,bestal,bestal,,,visser2021,,false,,,Phonemic,
kara1499-4-142-1,,kara1499,4-142,jangkut,jangkut,,,visser2021,,false,,,Phonemic,
kara1499-4-144-1,,kara1499,4-144,kadenenen,kadenenen,,,visser2021,,false,,,Phonemic,
kara1499-4-150-1,,kara1499,4-150,karyak,karyak,,,visser2021,,false,,,Phonemic,
kara1499-4-151-1,,kara1499,4-151,kaden kies,kaden kies,,,visser2021,,false,,,Phonemic,
kara1499-4-160-1,,kara1499,4-160,kang,kang,,,visser2021,,false,,,Phonemic,
kara1499-4-162-1,,kara1499,4-162,kirkang,kirkang,,,visser2021,,false,,,Phonemic,
kara1499-4-180-1,,kara1499,4-180,or,or,,,visser2021,,false,,,Phonemic,
kara1499-4-190-1,,kara1499,4-190,suol,suol,,,visser2021,,false,,,Phonemic,
kara1499-4-191-1,,kara1499,4-191,suolkasir,suolkasir,,,visser2021,,false,,,Phonemic,
kara1499-4-200-1,,kara1499,4-200,nakal,nakal,,,visser2021,,false,,,Phonemic,
kara1499-4-203-1,,kara1499,4-203,otak,otak,,Malay or other Austronesian loan,visser2021,,true,,,Phonemic,
kara1499-4-204-1,,kara1499,4-204,kanggirar,kanggirar,,,visser2021,,false,,,Phonemic,
kara1499-4-205-1,,kara1499,4-205,timbang,timbang,,,visser2021,,false,,,Phonemic,
kara1499-4-207-1,,kara1499,4-207,kanggus,kanggus,,,visser2021,,false,,,Phonemic,
kara1499-4-208-1,,kara1499,4-208,koliep,koliep,,,visser2021,,false,,,Phonemic,
kara1499-4-209-1,,kara1499,4-209,kanggus,kanggus,,,visser2021,,false,,,Phonemic,
kara1499-4-210-1,,kara1499,4-210,kanggir,kanggir,,,visser2021,,false,,,Phonemic,
kara1499-4-213-1,,kara1499,4-213,kanggir pulun,kanggir pulun,,,visser2021,,false,,,Phonemic,
kara1499-4-214-1,,kara1499,4-214,kanggir nenen,kanggir nenen,,,visser2021,,false,,,Phonemic,
kara1499-4-215-1,,kara1499,4-215,pulem,pulem,,,visser2021,,false,,,Phonemic,
kara1499-4-220-1,,kara1499,4-220,kelkam,kelkam,,,visser2021,,false,,,Phonemic,
kara1499-4-221-1,,kara1499,4-221,kelkam elaun,kelkam elaun,,,visser2021,,false,,,Phonemic,
kara1499-4-222-1,,kara1499,4-222,kolkiet,kolkiet,,,visser2021,,false,,,Phonemic,
kara1499-4-230-1,,kara1499,4-230,bustang,bustang,,,visser2021,,false,,,Phonemic,
kara1499-4-231-1,,kara1499,4-231,bustang posun,bustang posun,,,visser2021,,false,,,Phonemic,
kara1499-4-232-1,,kara1499,4-232,marur,marur,,,visser2021,,false,,,Phonemic,
kara1499-4-240-1,,kara1499,4-240,kanggur,kanggur,,,visser2021,,false,,,Phonemic,
kara1499-4-240-2,,kara1499,4-240,bol,bol,,,visser2021,,false,,,Phonemic,
kara1499-4-241-1,,kara1499,4-241,bol,bol,,,visser2021,,false,,,Phonemic,
kara1499-4-250-1,,kara1499,4-250,bolkul,bolkul,,,visser2021,,false,,,Phonemic,
kara1499-4-260-1,,kara1499,4-260,belen,belen,,,visser2021,,false,,,Phonemic,
kara1499-4-270-1,,kara1499,4-270,gier,gier,,,visser2021,,false,,,Phonemic,
kara1499-4-271-1,,kara1499,4-271,gierkawer,gierkawer,,,visser2021,,false,,,Phonemic,
kara1499-4-280-1,,kara1499,4-280,komang,komang,,,visser2021,,false,,,Phonemic,
kara1499-4-290-1,,kara1499,4-290,komang,komang,,,visser2021,,false,,,Phonemic,
kara1499-4-300-1,,kara1499,4-300,bekiem,bekiem,,,visser2021,,false,,,Phonemic,
kara1499-4-301-1,,kara1499,4-301,bekiemkang,bekiemkang,,,visser2021,,false,,,Phonemic,
kara1499-4-302-1,,kara1499,4-302,aknar kangun,aknar kangun,,,visser2021,,false,,,Phonemic,
kara1499-4-310-1,,kara1499,4-310,tan,tan,,,visser2021,,false,,,Phonemic,
kara1499-4-312-1,,kara1499,4-312,keleng,keleng,,,visser2021,,false,,,Phonemic,
kara1499-4-320-1,,kara1499,4-320,tanggul,tanggul,,,visser2021,,false,,,Phonemic,
kara1499-4-321-1,,kara1499,4-321,tan kasir,tan kasir,,,visser2021,,false,,,Phonemic,
kara1499-4-330-1,,kara1499,4-330,tan,tan,,,visser2021,,false,,,Phonemic,
kara1499-4-340-1,,kara1499,4-340,parok,parok,,,visser2021,,false,,,Phonemic,
kara1499-4-340-2,,kara1499,4-340,tanparok,tanparok,,,visser2021,,false,,,Phonemic,
kara1499-4-342-1,,kara1499,4-342,tanparoemun,tanparoemun,,,visser2021,,false,,,Phonemic,
kara1499-4-344-1,,kara1499,4-344,tanggalip,tanggalip,,,visser2021,,false,,,Phonemic,
kara1499-4-345-1,,kara1499,4-345,paritman,paritman,,,visser2021,,false,,,Phonemic,
kara1499-4-350-1,,kara1499,4-350,kor,kor,,,visser2021,,false,,,Phonemic,
kara1499-4-351-1,,kara1499,4-351,kolkiem,kolkiem,,,visser2021,,false,,,Phonemic,
kara1499-4-352-1,,kara1499,4-352,kormul,kormul,,,visser2021,,false,,,Phonemic,
kara1499-4-360-1,,kara1499,4-360,korpak,korpak,,,visser2021,,false,,,Phonemic,
kara1499-4-370-1,,kara1499,4-370,kor,kor,,,visser2021,,false,,,Phonemic,
kara1499-4-371-1,,kara1499,4-371,korkasir,korkasir,,,visser2021,,false,,,Phonemic,
kara1499-4-372-1,,kara1499,4-372,tararapang,tararapang,,,visser2021,,false,,,Phonemic,
kara1499-4-374-1,,kara1499,4-374,kolkom,kolkom,,,visser2021,,false,,,Phonemic,
kara1499-4-380-1,,kara1499,4-380,korparok,korparok,,,visser2021,,false,,,Phonemic,
kara1499-4-392-1,,kara1499,4-392,pul,pul,,,visser2021,,false,,,Phonemic,
kara1499-4-392-2,,kara1499,4-392,pat,pat,,,visser2021,,false,,,Phonemic,
kara1499-4-393-1,,kara1499,4-393,teng,teng,,,visser2021,,false,,,Phonemic,
kara1499-4-400-1,,kara1499,4-400,aknar,aknar,,,visser2021,,false,,,Phonemic,
kara1499-4-410-1,,kara1499,4-410,am,am,,,visser2021,,false,,,Phonemic,
kara1499-4-412-1,,kara1499,4-412,am belun,am belun,,,visser2021,,false,,,Phonemic,
kara1499-4-430-1,,kara1499,4-430,lim,lim,,,visser2021,,false,,,Phonemic,
kara1499-4-441-1,,kara1499,4-441,gawar,gawar,,,visser2021,,false,,,Phonemic,
kara1499-4-450-1,,kara1499,4-450,min,min,,,visser2021,,false,,,Phonemic,
kara1499-4-451-1,,kara1499,4-451,kir,kir,,,visser2021,,false,,,Phonemic,
kara1499-4-460-1,,kara1499,4-460,kabor,kabor,,,visser2021,,false,,,Phonemic,
kara1499-4-461-1,,kara1499,4-461,kabun,kabun,,,visser2021,,false,,,Phonemic,
kara1499-4-462-1,,kara1499,4-462,muler,muler,,,visser2021,,false,,,Phonemic,
kara1499-4-470-1,,kara1499,4-470,lawarun,lawarun,,,visser2021,,false,,,Phonemic,
kara1499-4-490-1,,kara1499,4-490,elkin narun,elkin narun,,,visser2021,,false,,,Phonemic,
kara1499-4-492-1,,kara1499,4-492,us,us,,,visser2021,,false,,,Phonemic,
kara1499-4-520-1,,kara1499,4-520,gelem,gelem,,,visser2021,,false,,,Phonemic,
kara1499-4-521-1,,kara1499,4-521,soksok,soksok,,,visser2021,,false,,,Phonemic,
kara1499-4-530-1,,kara1499,4-530,tadon,tadon,,,visser2021,,false,,,Phonemic,
kara1499-4-540-1,,kara1499,4-540,sik,sik,,,visser2021,,false,,,Phonemic,
kara1499-4-550-1,,kara1499,4-550,ruam,ruam,,,visser2021,,false,,,Phonemic,
kara1499-4-560-1,,kara1499,4-560,palom,palom,,,visser2021,,false,,,Phonemic,
kara1499-4-570-1,,kara1499,4-570,emguk,emguk,,,visser2021,,false,,,Phonemic,
kara1499-4-580-1,,kara1499,4-580,koraruo,koraruo,,,visser2021,,false,,,Phonemic,
kara1499-4-590-1,,kara1499,4-590,kobelen,kobelen,,,visser2021,,false,,,Phonemic,
kara1499-4-610-1,,kara1499,4-610,min,min,,,visser2021,,false,,,Phonemic,
kara1499-4-612-1,,kara1499,4-612,minggaruk,minggaruk,,,visser2021,,false,,,Phonemic,
kara1499-4-620-1,,kara1499,4-620,wuorwuor,wuorwuor,,,visser2021,,false,,,Phonemic,
kara1499-4-630-1,,kara1499,4-630,parar,parar,,,visser2021,,false,,,Phonemic,
kara1499-4-640-1,,kara1499,4-640,kietpo,kietpo,,,visser2021,,false,,,Phonemic,
kara1499-4-650-1,,kara1499,4-650,ulur,ulur,,,visser2021,,false,,,Phonemic,
kara1499-4-660-1,,kara1499,4-660,kietkiet,kietkiet,,,visser2021,,false,,,Phonemic,
kara1499-4-670-1,,kara1499,4-670,yam,yam,,,visser2021,,false,,,Phonemic,
kara1499-4-670-2,,kara1499,4-670,kasuo,kasuo,,,visser2021,,false,,,Phonemic,
kara1499-4-680-1,,kara1499,4-680,nabobar,nabobar,,,visser2021,,false,,,Phonemic,
kara1499-4-690-1,,kara1499,4-690,waruo,waruo,,,visser2021,,false,,,Phonemic,
kara1499-4-690-2,,kara1499,4-690,boubou,boubou,,,visser2021,,false,,,Phonemic,
kara1499-4-730-1,,kara1499,4-730,kaborko,kaborko,,,visser2021,,false,,,Phonemic,
kara1499-4-740-1,,kara1499,4-740,hidup,hidup,,Malay or other Austronesian loan,visser2021,,true,,,Phonemic,
kara1499-4-750-1,,kara1499,4-750,somin,somin,,,visser2021,,false,,,Phonemic,
kara1499-4-750-2,,kara1499,4-750,korek,korek,,,visser2021,,false,,,Phonemic,
kara1499-4-760-1,,kara1499,4-760,rua,rua,,,visser2021,,false,,,Phonemic,
kara1499-4-770-1,,kara1499,4-770,bangki,bangki,,,visser2021,,false,,,Phonemic,
kara1499-4-780-1,,kara1499,4-780,dan,dan,,,visser2021,,false,,,Phonemic,
kara1499-4-790-1,,kara1499,4-790,kubir,kubir,,,visser2021,,false,,,Phonemic,
kara1499-4-810-1,,kara1499,4-810,kuat,kuat,,Malay or other Austronesian loan,visser2021,,true,,,Phonemic,
kara1499-4-820-1,,kara1499,4-820,kememe,kememe,,,visser2021,,false,,,Phonemic,
kara1499-4-820-2,,kara1499,4-820,kaloum,kaloum,,,visser2021,,false,,,Phonemic,
kara1499-4-830-1,,kara1499,4-830,bes,bes,,,visser2021,,false,,,Phonemic,
kara1499-4-830-2,,kara1499,4-830,kuat,kuat,,Malay or other Austronesian loan,visser2021,,true,,,Phonemic,
kara1499-4-840-1,,kara1499,4-840,ning,ning,,,visser2021,,false,,,Phonemic,
kara1499-4-841-1,,kara1499,4-841,kaden lalang,kaden lalang,,,visser2021,,false,,,Phonemic,
kara1499-4-850-1,,kara1499,4-850,patin,patin,,,visser2021,,false,,,Phonemic,
kara1499-4-853-1,,kara1499,4-853,ruan,ruan,,verb,visser2021,,false,,,Phonemic,
kara1499-4-853-2,,kara1499,4-853,panggala,panggala,,verb,visser2021,,false,,,Phonemic,
kara1499-4-854-1,,kara1499,4-854,layier,layier,,,visser2021,,false,,,Phonemic,
kara1499-4-856-1,,kara1499,4-856,sabet,sabet,,,visser2021,,false,,,Phonemic,
kara1499-4-857-1,,kara1499,4-857,te,te,,,visser2021,,false,,,Phonemic,
kara1499-4-858-1,,kara1499,4-858,patin ter,patin ter,,,visser2021,,false,,,Phonemic,
kara1499-4-860-1,,kara1499,4-860,cam,cam,,,visser2021,,false,,,Phonemic,
kara1499-4-870-1,,kara1499,4-870,kamanget,kamanget,,,visser2021,,false,,,Phonemic,
kara1499-4-880-1,,kara1499,4-880,kai,kai,,,visser2021,,false,,,Phonemic,
kara1499-4-910-1,,kara1499,4-910,capai,capai,,,visser2021,,false,,,Phonemic,
kara1499-4-910-2,,kara1499,4-910,kanggir pop,kanggir pop,,,visser2021,,false,,,Phonemic,
kara1499-4-912-1,,kara1499,4-912,osie,osie,,,visser2021,,false,,,Phonemic,
kara1499-4-920-1,,kara1499,4-920,barahala,barahala,,,visser2021,,false,,,Phonemic,
kara1499-4-920-2,,kara1499,4-920,monkaret,monkaret,,,visser2021,,false,,,Phonemic,
kara1499-4-920-3,,kara1499,4-920,jabul,jabul,,,visser2021,,false,,,Phonemic,
kara1499-4-950-1,,kara1499,4-950,kelkam toktok,kelkam toktok,,,visser2021,,false,,,Phonemic,
kara1499-4-970-1,,kara1499,4-970,kanggir saun,kanggir saun,,,visser2021,,false,,,Phonemic,
kara1499-5-110-1,,kara1499,5-110,muap,muap,,,visser2021,,false,,,Phonemic,
kara1499-5-110-2,,kara1499,5-110,na,na,,,visser2021,,false,,,Phonemic,
kara1499-5-120-1,,kara1499,5-120,muap,muap,,,visser2021,,false,,,Phonemic,
kara1499-5-121-1,,kara1499,5-121,ruo,ruo,,,visser2021,,false,,,Phonemic,
kara1499-5-122-1,,kara1499,5-122,kangguar,kangguar,,,visser2021,,false,,,Phonemic,
kara1499-5-123-1,,kara1499,5-123,iren,iren,,,visser2021,,false,,,Phonemic,
kara1499-5-123-2,,kara1499,5-123,sawaun,sawaun,,,visser2021,,false,,,Phonemic,
kara1499-5-124-1,,kara1499,5-124,kangguar,kangguar,,,visser2021,,false,,,Phonemic,
kara1499-5-124-2,,kara1499,5-124,kalomun,kalomun,,,visser2021,,false,,,Phonemic,
kara1499-5-125-1,,kara1499,5-125,mun,mun,,,visser2021,,false,,,Phonemic,
kara1499-5-125-2,,kara1499,5-125,kap,kap,,,visser2021,,false,,,Phonemic,
kara1499-5-125-3,,kara1499,5-125,gawar,gawar,,,visser2021,,false,,,Phonemic,
kara1499-5-130-1,,kara1499,5-130,minum / minuman,minum,,,visser2021,,false,,,Phonemic,
kara1499-5-130-2,,kara1499,5-130,minum / minuman,minuman,,,visser2021,,false,,,Phonemic,
kara1499-5-140-1,,kara1499,5-140,muawese,muawese,,,visser2021,,false,,,Phonemic,
kara1499-5-150-1,,kara1499,5-150,haus,haus,,,visser2021,,false,,,Phonemic,
kara1499-5-160-1,,kara1499,5-160,kosom,kosom,,,visser2021,,false,,,Phonemic,
kara1499-5-180-1,,kara1499,5-180,pak,pak,,,visser2021,,false,,,Phonemic,
kara1499-5-181-1,,kara1499,5-181,dareok,dareok,,,visser2021,,false,,,Phonemic,
kara1499-5-210-1,,kara1499,5-210,kuar,kuar,,,visser2021,,false,,,Phonemic,
kara1499-5-220-1,,kara1499,5-220,laur,laur,,,visser2021,,false,,,Phonemic,
kara1499-5-220-2,,kara1499,5-220,nasomit,nasomit,,,visser2021,,false,,,Phonemic,
kara1499-5-230-1,,kara1499,5-230,pasor,pasor,,,visser2021,,false,,,Phonemic,
kara1499-5-240-1,,kara1499,5-240,sair,sair,,,visser2021,,false,,,Phonemic,
kara1499-5-250-1,,kara1499,5-250,ofin,ofin,,Malay or other Austronesian loan,visser2021,,true,,,Phonemic,
kara1499-5-250-2,,kara1499,5-250,siriar,siriar,,,visser2021,,false,,,Phonemic,
kara1499-5-250-3,,kara1499,5-250,pau,pau,,,visser2021,,false,,,Phonemic,
kara1499-5-260-1,,kara1499,5-260,panci,panci,,Malay or other Austronesian loan,visser2021,,true,,,Phonemic,
kara1499-5-260-2,,kara1499,5-260,dandang,dandang,,,visser2021,,false,,,Phonemic,
kara1499-5-260-3,,kara1499,5-260,kaling,kaling,,,visser2021,,false,,,Phonemic,
kara1499-5-270-1,,kara1499,5-270,ketal,ketal,,,visser2021,,false,,,Phonemic,
kara1499-5-280-1,,kara1499,5-280,panci,panci,,Malay or other Austronesian loan,visser2021,,true,,,Phonemic,
kara1499-5-280-2,,kara1499,5-280,dandang,dandang,,,visser2021,,false,,,Phonemic,
kara1499-5-280-3,,kara1499,5-280,kaling,kaling,,,visser2021,,false,,,Phonemic,
kara1499-5-320-1,,kara1499,5-320,pingan,pingan,,,visser2021,,false,,,Phonemic,
kara1499-5-350-1,,kara1499,5-350,cangkir,cangkir,,,visser2021,,false,,,Phonemic,
kara1499-5-370-1,,kara1499,5-370,sasul,sasul,,,visser2021,,false,,,Phonemic,
kara1499-5-380-1,,kara1499,5-380,tektek,tektek,,,visser2021,,false,,,Phonemic,
kara1499-5-391-1,,kara1499,5-391,kowaram,kowaram,,,visser2021,,false,,,Phonemic,
kara1499-5-460-1,,kara1499,5-460,pes,pes,,,visser2021,,false,,,Phonemic,
kara1499-5-460-2,,kara1499,5-460,kawotma,kawotma,,,visser2021,,false,,,Phonemic,
kara1499-5-460-3,,kara1499,5-460,seser,seser,,,visser2021,,false,,,Phonemic,
kara1499-5-470-1,,kara1499,5-470,uda,uda,,,visser2021,,false,,,Phonemic,
kara1499-5-470-2,,kara1499,5-470,sarun,sarun,,,visser2021,,false,,,Phonemic,
kara1499-5-470-3,,kara1499,5-470,kurera,kurera,,,visser2021,,false,,,Phonemic,
kara1499-5-470-4,,kara1499,5-470,teteris,teteris,,,visser2021,,false,,,Phonemic,
kara1499-5-480-1,,kara1499,5-480,koyal,koyal,,,visser2021,,false,,,Phonemic,
kara1499-5-490-1,,kara1499,5-490,koyal,koyal,,,visser2021,,false,,,Phonemic,
kara1499-5-510-1,,kara1499,5-510,roti,roti,,Malay or other Austronesian loan,visser2021,,true,,,Phonemic,
kara1499-5-560-1,,kara1499,5-560,maraok,maraok,,,visser2021,,false,,,Phonemic,
kara1499-5-580-1,,kara1499,5-580,rusing,rusing,,,visser2021,,false,,,Phonemic,
kara1499-5-590-1,,kara1499,5-590,naloli,naloli,,,visser2021,,false,,,Phonemic,
kara1499-5-590-2,,kara1499,5-590,rusinggain,rusinggain,,,visser2021,,false,,,Phonemic,
kara1499-5-610-1,,kara1499,5-610,dagim,dagim,,Malay or other Austronesian loan,visser2021,,true,,,Phonemic,
kara1499-5-650-1,,kara1499,5-650,wele,wele,,,visser2021,,false,,,Phonemic,
kara1499-5-660-1,,kara1499,5-660,kawuok,kawuok,,,visser2021,,false,,,Phonemic,
kara1499-5-700-1,,kara1499,5-700,yap,yap,,,visser2021,,false,,,Phonemic,
kara1499-5-700-2,,kara1499,5-700,yap seran,yap seran,,,visser2021,,false,,,Phonemic,
kara1499-5-710-1,,kara1499,5-710,nak,nak,,,visser2021,,false,,,Phonemic,
kara1499-5-710-2,,kara1499,5-710,tep,tep,,,visser2021,,false,,,Phonemic,
kara1499-5-712-1,,kara1499,5-712,pel,pel,,,visser2021,,false,,,Phonemic,
kara1499-5-770-1,,kara1499,5-770,kawuok,kawuok,,,visser2021,,false,,,Phonemic,
kara1499-5-790-1,,kara1499,5-790,ming,ming,,,visser2021,,false,,,Phonemic,
kara1499-5-810-1,,kara1499,5-810,sira,sira,,,visser2021,,false,,,Phonemic,
kara1499-5-821-1,,kara1499,5-821,lenggalengga,lenggalengga,,,visser2021,,false,,,Phonemic,
kara1499-5-840-1,,kara1499,5-840,wenawena,wenawena,,,visser2021,,false,,,Phonemic,
kara1499-5-850-1,,kara1499,5-850,nasuena,nasuena,,,visser2021,,false,,,Phonemic,
kara1499-5-860-1,,kara1499,5-860,am perun,am perun,,breast milk,visser2021,,false,,,Phonemic,
kara1499-5-860-2,,kara1499,5-860,susu,susu,,Malay or other Austronesian loan,visser2021,,true,,,Phonemic,
kara1499-5-900-1,,kara1499,5-900,minum,minum,,Malay or other Austronesian loan,visser2021,,true,,,Phonemic,
kara1499-5-900-2,,kara1499,5-900,minuman,minuman,,Malay or other Austronesian loan,visser2021,,true,,,Phonemic,
kara1499-5-930-1,,kara1499,5-930,bir,bir,,Malay or other Austronesian loan,visser2021,,true,,,Phonemic,
kara1499-5-970-1,,kara1499,5-970,nar,nar,,,visser2021,,false,,,Phonemic,
kara1499-6-110-1,,kara1499,6-110,sabur,sabur,,,visser2021,,false,,,Phonemic,
kara1499-6-110-2,,kara1499,6-110,komasabur,komasabur,,,visser2021,,false,,,Phonemic,
kara1499-6-120-1,,kara1499,6-120,pakaian,pakaian,,Malay or other Austronesian loan,visser2021,,true,,,Phonemic,
kara1499-6-210-1,,kara1499,6-210,tapal,tapal,,,visser2021,,false,,,Phonemic,
kara1499-6-210-2,,kara1499,6-210,donselet,donselet,,,visser2021,,false,,,Phonemic,
kara1499-6-240-1,,kara1499,6-240,kapas,kapas,,Malay or other Austronesian loan,visser2021,,true,,,Phonemic,
kara1499-6-240-2,,kara1499,6-240,kai kawas,kai kawas,,Malay or other Austronesian loan,visser2021,,true,,,Phonemic,
kara1499-6-360-1,,kara1499,6-360,sin,sin,,,visser2021,,false,,,Phonemic,
kara1499-6-380-1,,kara1499,6-380,kawas,kawas,,,visser2021,,false,,,Phonemic,
kara1499-6-420-1,,kara1499,6-420,kabai,kabai,,,visser2021,,false,,,Phonemic,
kara1499-6-440-1,,kara1499,6-440,ladan,ladan,,,visser2021,,false,,,Phonemic,
kara1499-6-510-1,,kara1499,6-510,sepatu,sepatu,,,visser2021,,false,,,Phonemic,
kara1499-6-550-1,,kara1499,6-550,sepe,sepe,,,visser2021,,false,,,Phonemic,
kara1499-6-550-2,,kara1499,6-550,saraun,saraun,,,visser2021,,false,,,Phonemic,
kara1499-6-550-3,,kara1499,6-550,kawier,kawier,,,visser2021,,false,,,Phonemic,
kara1499-6-630-1,,kara1499,6-630,sopsop,sopsop,,,visser2021,,false,,,Phonemic,
kara1499-6-730-1,,kara1499,6-730,tanggarara,tanggarara,,,visser2021,,false,,,Phonemic,
kara1499-6-740-1,,kara1499,6-740,liti,liti,,,visser2021,,false,,,Phonemic,
kara1499-6-750-1,,kara1499,6-750,kalung,kalung,,,visser2021,,false,,,Phonemic,
kara1499-6-760-1,,kara1499,6-760,samor,samor,,,visser2021,,false,,,Phonemic,
kara1499-6-770-1,,kara1499,6-770,gigiwang,gigiwang,,,visser2021,,false,,,Phonemic,
kara1499-6-810-1,,kara1499,6-810,yuon,yuon,,,visser2021,,false,,,Phonemic,
kara1499-6-820-1,,kara1499,6-820,handuk,handuk,,Malay or other Austronesian loan,visser2021,,true,,,Phonemic,
kara1499-6-910-1,,kara1499,6-910,sisir,sisir,,comb,visser2021,,false,,,Phonemic,
kara1499-6-910-2,,kara1499,6-910,suor,suor,,bamboo comb,visser2021,,false,,,Phonemic,
kara1499-6-921-1,,kara1499,6-921,pakpak,pakpak,,,visser2021,,false,,,Phonemic,
kara1499-6-950-1,,kara1499,6-950,sabur,sabur,,,visser2021,,false,,,Phonemic,
kara1499-7-110-1,,kara1499,7-110,tua,tua,,,visser2021,,false,,,Phonemic,
kara1499-7-110-2,,kara1499,7-110,gocie,gocie,,,visser2021,,false,,,Phonemic,
kara1499-7-120-1,,kara1499,7-120,kewe,kewe,,,visser2021,,false,,,Phonemic,
kara1499-7-140-1,,kara1499,7-140,sabua,sabua,,Malay or other Austronesian loan,visser2021,,true,,,Phonemic,
kara1499-7-210-1,,kara1499,7-210,kalot,kalot,,,visser2021,,false,,,Phonemic,
kara1499-7-220-1,,kara1499,7-220,anggas,anggas,,,visser2021,,false,,,Phonemic,
kara1499-7-221-1,,kara1499,7-221,anggas padenun,anggas padenun,,,visser2021,,false,,,Phonemic,
kara1499-7-240-1,,kara1499,7-240,koser,koser,,,visser2021,,false,,,Phonemic,
kara1499-7-250-1,,kara1499,7-250,jendela,jendela,,Malay or other Austronesian loan,visser2021,,true,,,Phonemic,
kara1499-7-260-1,,kara1499,7-260,tingkat,tingkat,,Malay or other Austronesian loan,visser2021,,true,,,Phonemic,
kara1499-7-270-1,,kara1499,7-270,goparar,goparar,,,visser2021,,false,,,Phonemic,
kara1499-7-310-1,,kara1499,7-310,didir,didir,,,visser2021,,false,,,Phonemic,
kara1499-7-320-1,,kara1499,7-320,kamfor,kamfor,,Malay or other Austronesian loan,visser2021,,true,,,Phonemic,
kara1499-7-370-1,,kara1499,7-370,but,but,,,visser2021,,false,,,Phonemic,
kara1499-7-420-1,,kara1499,7-420,minggalot,minggalot,,,visser2021,,false,,,Phonemic,
kara1499-7-421-1,,kara1499,7-421,kalanggulung,kalanggulung,,,visser2021,,false,,,Phonemic,
kara1499-7-430-1,,kara1499,7-430,kadera,kadera,,Malay or other Austronesian loan,visser2021,,true,,,Phonemic,
kara1499-7-440-1,,kara1499,7-440,meja,meja,,Malay or other Austronesian loan,visser2021,,true,,,Phonemic,
kara1499-7-450-1,,kara1499,7-450,lampur,lampur,,Malay or other Austronesian loan,visser2021,,true,,,Phonemic,
kara1499-7-470-1,,kara1499,7-470,rak,rak,,Malay or other Austronesian loan,visser2021,,true,,,Phonemic,
kara1499-7-510-1,,kara1499,7-510,seng,seng,,,visser2021,,false,,,Phonemic,
kara1499-7-510-2,,kara1499,7-510,sanong,sanong,,,visser2021,,false,,,Phonemic,
kara1499-7-520-1,,kara1499,7-520,sanong,sanong,,,visser2021,,false,,,Phonemic,
kara1499-7-520-2,,kara1499,7-520,seng,seng,,,visser2021,,false,,,Phonemic,
kara1499-7-530-1,,kara1499,7-530,tunggin,tunggin,,,visser2021,,false,,,Phonemic,
kara1499-7-540-1,,kara1499,7-540,gunting,gunting,,,visser2021,,false,,,Phonemic,
kara1499-7-540-2,,kara1499,7-540,lepir,lepir,,,visser2021,,false,,,Phonemic,
kara1499-7-550-1,,kara1499,7-550,balak,balak,,,visser2021,,false,,,Phonemic,
kara1499-7-550-2,,kara1499,7-550,regil,regil,,,visser2021,,false,,,Phonemic,
kara1499-7-560-1,,kara1499,7-560,paden,paden,,,visser2021,,false,,,Phonemic,
kara1499-7-570-1,,kara1499,7-570,pawan,pawan,,,visser2021,,false,,,Phonemic,
kara1499-7-620-1,,kara1499,7-620,bataku,bataku,,,visser2021,,false,,,Phonemic,
kara1499-8-130-1,,kara1499,8-130,amdir,amdir,,,visser2021,,false,,,Phonemic,
kara1499-8-160-1,,kara1499,8-160,tal,tal,,,visser2021,,false,,,Phonemic,
kara1499-8-220-1,,kara1499,8-220,ruo,ruo,,,visser2021,,false,,,Phonemic,
kara1499-8-240-1,,kara1499,8-240,eskop,eskop,,Malay or other Austronesian loan,visser2021,,true,,,Phonemic,
kara1499-8-311-1,,kara1499,8-311,dowi,dowi,,,visser2021,,false,,,Phonemic,
kara1499-8-311-2,,kara1499,8-311,tang,tang,,,visser2021,,false,,,Phonemic,
kara1499-8-470-1,,kara1499,8-470,keteles,keteles,,,visser2021,,false,,,Phonemic,
kara1499-8-480-1,,kara1499,8-480,pasa,pasa,,,visser2021,,false,,,Phonemic,
kara1499-8-510-1,,kara1499,8-510,kaman,kaman,,,visser2021,,false,,,Phonemic,
kara1499-8-510-2,,kara1499,8-510,yuor,yuor,,,visser2021,,false,,,Phonemic,
kara1499-8-510-3,,kara1499,8-510,kucai,kucai,,,visser2021,,false,,,Phonemic,
kara1499-8-531-1,,kara1499,8-531,koya,koya,,,visser2021,,false,,,Phonemic,
kara1499-8-540-1,,kara1499,8-540,kiel,kiel,,,visser2021,,false,,,Phonemic,
kara1499-8-550-1,,kara1499,8-550,karok,karok,,,visser2021,,false,,,Phonemic,
kara1499-8-550-2,,kara1499,8-550,sanggoup,sanggoup,,,visser2021,,false,,,Phonemic,
kara1499-8-560-1,,kara1499,8-560,ol,ol,,,visser2021,,false,,,Phonemic,
kara1499-8-560-2,,kara1499,8-560,lolok,lolok,,,visser2021,,false,,,Phonemic,
kara1499-8-570-1,,kara1499,8-570,pus,pus,,,visser2021,,false,,,Phonemic,
kara1499-8-570-2,,kara1499,8-570,bunga,bunga,,Malay or other Austronesian loan,visser2021,,true,,,Phonemic,
kara1499-8-600-1,,kara1499,8-600,ror,ror,,,visser2021,,false,,,Phonemic,
kara1499-8-680-1,,kara1499,8-680,tabai,tabai,,,visser2021,,false,,,Phonemic,
kara1499-8-690-1,,kara1499,8-690,kosom,kosom,,,visser2021,,false,,,Phonemic,
kara1499-8-720-1,,kara1499,8-720,ror tabur,ror tabur,,,visser2021,,false,,,Phonemic,
kara1499-8-730-1,,kara1499,8-730,ewun,ewun,,,visser2021,,false,,,Phonemic,
kara1499-8-750-1,,kara1499,8-750,lokul,lokul,,,visser2021,,false,,,Phonemic,
kara1499-8-750-2,,kara1499,8-750,ror kulun,ror kulun,,,visser2021,,false,,,Phonemic,
kara1499-8-760-1,,kara1499,8-760,emun,emun,,,visser2021,,false,,,Phonemic,
kara1499-8-760-2,,kara1499,8-760,pol,pol,,,visser2021,,false,,,Phonemic,
kara1499-8-810-1,,kara1499,8-810,wat,wat,,,visser2021,,false,,,Phonemic,
kara1499-8-810-2,,kara1499,8-810,buok,buok,,,visser2021,,false,,,Phonemic,
kara1499-8-810-3,,kara1499,8-810,kaul,kaul,,,visser2021,,false,,,Phonemic,
kara1499-8-820-1,,kara1499,8-820,wat,wat,,,visser2021,,false,,,Phonemic,
kara1499-8-830-1,,kara1499,8-830,mun,mun,,,visser2021,,false,,,Phonemic,
kara1499-8-840-1,,kara1499,8-840,im,im,,,visser2021,,false,,,Phonemic,
kara1499-8-910-1,,kara1499,8-910,yap seran,yap seran,,,visser2021,,false,,,Phonemic,
kara1499-8-912-1,,kara1499,8-912,yap seran,yap seran,,,visser2021,,false,,,Phonemic,
kara1499-8-920-1,,kara1499,8-920,panggala,panggala,,,visser2021,,false,,,Phonemic,
kara1499-8-931-1,,kara1499,8-931,kasabiti,kasabiti,,,visser2021,,false,,,Phonemic,
kara1499-8-940-1,,kara1499,8-940,nop,nop,,,visser2021,,false,,,Phonemic,
kara1499-8-940-2,,kara1499,8-940,daluang,daluang,,,visser2021,,false,,,Phonemic,
kara1499-8-940-3,,kara1499,8-940,gaus,gaus,,,visser2021,,false,,,Phonemic,
kara1499-8-940-4,,kara1499,8-940,kasut,kasut,,,visser2021,,false,,,Phonemic,
kara1499-8-940-5,,kara1499,8-940,karuan,karuan,,,visser2021,,false,,,Phonemic,
kara1499-8-940-6,,kara1499,8-940,saban,saban,,,visser2021,,false,,,Phonemic,
kara1499-8-940-7,,kara1499,8-940,sasirip,sasirip,,,visser2021,,false,,,Phonemic,
kara1499-8-940-8,,kara1499,8-940,lawan,lawan,,,visser2021,,false,,,Phonemic,
kara1499-8-941-1,,kara1499,8-941,kom,kom,,,visser2021,,false,,,Phonemic,
kara1499-8-960-1,,kara1499,8-960,pak,pak,,,visser2021,,false,,,Phonemic,
kara1499-8-960-2,,kara1499,8-960,tup,tup,,,visser2021,,false,,,Phonemic,
kara1499-8-970-1,,kara1499,8-970,sere,sere,,,visser2021,,false,,,Phonemic,
kara1499-8-980-1,,kara1499,8-980,kawien,kawien,,,visser2021,,false,,,Phonemic,
kara1499-9-110-1,,kara1499,9-110,paruo,paruo,,,visser2021,,false,,,Phonemic,
kara1499-9-120-1,,kara1499,9-120,karajang,karajang,,Malay or other Austronesian loan,visser2021,,true,,,Phonemic,
kara1499-9-140-1,,kara1499,9-140,maulma,maulma,,,visser2021,,false,,,Phonemic,
kara1499-9-150-1,,kara1499,9-150,kang,kang,,,visser2021,,false,,,Phonemic,
kara1499-9-150-2,,kara1499,9-150,kawetkawet,kawetkawet,,,visser2021,,false,,,Phonemic,
kara1499-9-150-3,,kara1499,9-150,tawotma,tawotma,,,visser2021,,false,,,Phonemic,
kara1499-9-150-4,,kara1499,9-150,kawarma,kawarma,,,visser2021,,false,,,Phonemic,
kara1499-9-160-1,,kara1499,9-160,kanie,kanie,,,visser2021,,false,,,Phonemic,
kara1499-9-180-1,,kara1499,9-180,ranti,ranti,,,visser2021,,false,,,Phonemic,
kara1499-9-190-1,,kara1499,9-190,karek,karek,,,visser2021,,false,,,Phonemic,
kara1499-9-210-1,,kara1499,9-210,pue,pue,,,visser2021,,false,,,Phonemic,
kara1499-9-211-1,,kara1499,9-211,tu,tu,,,visser2021,,false,,,Phonemic,
kara1499-9-220-1,,kara1499,9-220,potma,potma,,cut,visser2021,,false,,,Phonemic,
kara1499-9-220-2,,kara1499,9-220,korkor,korkor,,cut wood into pieces,visser2021,,false,,,Phonemic,
kara1499-9-220-3,,kara1499,9-220,tabak,tabak,,cut into short pieces,visser2021,,false,,,Phonemic,
kara1499-9-220-4,,kara1499,9-220,paramua,paramua,,cut,visser2021,,false,,,Phonemic,
kara1499-9-220-5,,kara1499,9-220,karok,karok,,cut off branch,visser2021,,false,,,Phonemic,
kara1499-9-220-6,,kara1499,9-220,masalaboung,masalaboung,,cut off the end of a stem or piece of wood,visser2021,,false,,,Phonemic,
kara1499-9-220-7,,kara1499,9-220,suo,suo,,cut a coconut,visser2021,,false,,,Phonemic,
kara1499-9-220-8,,kara1499,9-220,suwarma,suwarma,,cut diagonally,visser2021,,false,,,Phonemic,
kara1499-9-220-9,,kara1499,9-220,seletma,seletma,,cut off a small bit (a sliver),visser2021,,false,,,Phonemic,
kara1499-9-220-10,,kara1499,9-220,kortaptap,kortaptap,,cut out,visser2021,,false,,,Phonemic,
kara1499-9-220-11,,kara1499,9-220,tolma,tolma,,cut string,visser2021,,false,,,Phonemic,
kara1499-9-220-12,,kara1499,9-220,letma,letma,,cut branch,visser2021,,false,,,Phonemic,
kara1499-9-220-13,,kara1499,9-220,pel,pel,,cut or split a bunch of bananas,visser2021,,false,,,Phonemic,
kara1499-9-220-14,,kara1499,9-220,dakdak,dakdak,,chop,visser2021,,false,,,Phonemic,
kara1499-9-220-15,,kara1499,9-220,polas,polas,,slice; cut,visser2021,,false,,,Phonemic,
kara1499-9-220-16,,kara1499,9-220,marum,marum,,slice; cut,visser2021,,false,,,Phonemic,
kara1499-9-220-17,,kara1499,9-220,parair,parair,,split,visser2021,,false,,,Phonemic,
kara1499-9-221-1,,kara1499,9-221,worma,worma,,,visser2021,,false,,,Phonemic,
kara1499-9-222-1,,kara1499,9-222,tawara,tawara,,,visser2021,,false,,,Phonemic,
kara1499-9-222-2,,kara1499,9-222,dakdak,dakdak,,,visser2021,,false,,,Phonemic,
kara1499-9-223-1,,kara1499,9-223,komain,komain,,,visser2021,,false,,,Phonemic,
kara1499-9-230-1,,kara1499,9-230,tektek,tektek,,,visser2021,,false,,,Phonemic,
kara1499-9-250-1,,kara1499,9-250,lem,lem,,,visser2021,,false,,,Phonemic,
kara1499-9-250-2,,kara1499,9-250,wewar,wewar,,,visser2021,,false,,,Phonemic,
kara1499-9-260-1,,kara1499,9-260,kawar,kawar,,break (glass),visser2021,,false,,,Phonemic,
kara1499-9-260-2,,kara1499,9-260,suosuo,suosuo,,break,visser2021,,false,,,Phonemic,
kara1499-9-260-3,,kara1499,9-260,naputus,naputus,,Malay or other Austronesian loan,visser2021,,true,,,Phonemic,
kara1499-9-260-4,,kara1499,9-260,maorek,maorek,,break down; pull apart,visser2021,,false,,,Phonemic,
kara1499-9-260-5,,kara1499,9-260,taraouk,taraouk,,be broken; be snapped,visser2021,,false,,,Phonemic,
kara1499-9-260-6,,kara1499,9-260,sanggotma,sanggotma,,break off a branch; pick fruits,visser2021,,false,,,Phonemic,
kara1499-9-260-7,,kara1499,9-260,kawarma,kawarma,,break; fold,visser2021,,false,,,Phonemic,
kara1499-9-260-8,,kara1499,9-260,meraraouk,meraraouk,,cause to break or snap,visser2021,,false,,,Phonemic,
kara1499-9-260-9,,kara1499,9-260,suo,suo,,break (of a wave),visser2021,,false,,,Phonemic,
kara1499-9-260-10,,kara1499,9-260,kararma,kararma,,hit and break,visser2021,,false,,,Phonemic,
kara1499-9-260-11,,kara1499,9-260,parair,parair,,split,visser2021,,false,,,Phonemic,
kara1499-9-261-1,,kara1499,9-261,taraouk,taraouk,,,visser2021,,false,,,Phonemic,
kara1499-9-270-1,,kara1499,9-270,parair,parair,,,visser2021,,false,,,Phonemic,
kara1499-9-270-2,,kara1499,9-270,pel,pel,,,visser2021,,false,,,Phonemic,
kara1499-9-280-1,,kara1499,9-280,masarut,masarut,,,visser2021,,false,,,Phonemic,
kara1499-9-310-1,,kara1499,9-310,yuon,yuon,,,visser2021,,false,,,Phonemic,
kara1499-9-310-2,,kara1499,9-310,naram,naram,,,visser2021,,false,,,Phonemic,
kara1499-9-310-3,,kara1499,9-310,nakucak,nakucak,,,visser2021,,false,,,Phonemic,
kara1499-9-320-1,,kara1499,9-320,madong,madong,,,visser2021,,false,,,Phonemic,
kara1499-9-320-2,,kara1499,9-320,soso,soso,,,visser2021,,false,,,Phonemic,
kara1499-9-330-1,,kara1499,9-330,kasawirma,kasawirma,,,visser2021,,false,,,Phonemic,
kara1499-9-330-2,,kara1499,9-330,naseduk,naseduk,,,visser2021,,false,,,Phonemic,
kara1499-9-330-3,,kara1499,9-330,sewa,sewa,,,visser2021,,false,,,Phonemic,
kara1499-9-330-4,,kara1499,9-330,dorma,dorma,,pull out,visser2021,,false,,,Phonemic,
kara1499-9-330-5,,kara1499,9-330,darua,darua,,pull out; unplug,visser2021,,false,,,Phonemic,
kara1499-9-330-6,,kara1499,9-330,tadorma,tadorma,,pull out with force,visser2021,,false,,,Phonemic,
kara1499-9-330-7,,kara1499,9-330,kolo,kolo,,pull out; unplug,visser2021,,false,,,Phonemic,
kara1499-9-330-8,,kara1499,9-330,ramie,ramie,,pull; drag,visser2021,,false,,,Phonemic,
kara1499-9-340-1,,kara1499,9-340,sangganggam,sangganggam,,,visser2021,,false,,,Phonemic,
kara1499-9-340-2,,kara1499,9-340,kowarwak,kowarwak,,,visser2021,,false,,,Phonemic,
kara1499-9-341-1,,kara1499,9-341,manggang,manggang,,,visser2021,,false,,,Phonemic,
kara1499-9-342-1,,kara1499,9-342,naram,naram,,,visser2021,,false,,,Phonemic,
kara1499-9-343-1,,kara1499,9-343,naramas,naramas,,,visser2021,,false,,,Phonemic,
kara1499-9-343-2,,kara1499,9-343,golma,golma,,,visser2021,,false,,,Phonemic,
kara1499-9-350-1,,kara1499,9-350,gareor,gareor,,,visser2021,,false,,,Phonemic,
kara1499-9-350-2,,kara1499,9-350,nasirang,nasirang,,Malay or other Austronesian loan,visser2021,,true,,,Phonemic,
kara1499-9-360-1,,kara1499,9-360,waruo,waruo,,,visser2021,,false,,,Phonemic,
kara1499-9-370-1,,kara1499,9-370,gokabara,gokabara,,,visser2021,,false,,,Phonemic,
kara1499-9-370-2,,kara1499,9-370,kabara,kabara,,,visser2021,,false,,,Phonemic,
kara1499-9-380-1,,kara1499,9-380,sirarai,sirarai,,,visser2021,,false,,,Phonemic,
kara1499-9-422-1,,kara1499,9-422,alat,alat,,Malay or other Austronesian loan,visser2021,,true,,,Phonemic,
kara1499-9-460-1,,kara1499,9-460,bor,bor,,Malay or other Austronesian loan,visser2021,,true,,,Phonemic,
kara1499-9-480-1,,kara1499,9-480,aragadi,aragadi,,Malay or other Austronesian loan,visser2021,,true,,,Phonemic,
kara1499-9-490-1,,kara1499,9-490,resan,resan,,Malay or other Austronesian loan,visser2021,,true,,,Phonemic,
kara1499-9-500-1,,kara1499,9-500,paku,paku,,Malay or other Austronesian loan,visser2021,,true,,,Phonemic,
kara1499-9-560-1,,kara1499,9-560,lem,lem,,Malay or other Austronesian loan,visser2021,,true,,,Phonemic,
kara1499-9-640-1,,kara1499,9-640,marau,marau,,,visser2021,,false,,,Phonemic,
kara1499-9-670-1,,kara1499,9-670,kamung,kamung,,,visser2021,,false,,,Phonemic,
kara1499-9-670-2,,kara1499,9-670,taba,taba,,,visser2021,,false,,,Phonemic,
kara1499-9-730-1,,kara1499,9-730,naun kerkap,naun kerkap,,lit. red earth,visser2021,,false,,,Phonemic,
kara1499-9-740-1,,kara1499,9-740,gelas,gelas,,Malay or other Austronesian loan,visser2021,,true,,,Phonemic,
kara1499-9-750-1,,kara1499,9-750,kajie,kajie,,,visser2021,,false,,,Phonemic,
kara1499-9-750-2,,kara1499,9-750,gaim,gaim,,,visser2021,,false,,,Phonemic,
kara1499-9-750-3,,kara1499,9-750,nadadi,nadadi,,,visser2021,,false,,,Phonemic,
kara1499-9-760-1,,kara1499,9-760,kiem,kiem,,,visser2021,,false,,,Phonemic,
kara1499-9-760-2,,kara1499,9-760,pan,pan,,,visser2021,,false,,,Phonemic,
kara1499-9-760-3,,kara1499,9-760,kurera,kurera,,,visser2021,,false,,,Phonemic,
kara1499-9-770-1,,kara1499,9-770,irar,irar,,finely woven,visser2021,,false,,,Phonemic,
kara1499-9-770-2,,kara1499,9-770,kalifan,kalifan,,coarsely woven,visser2021,,false,,,Phonemic,
kara1499-9-780-1,,kara1499,9-780,toman,toman,,,visser2021,,false,,,Phonemic,
kara1499-9-791-1,,kara1499,9-791,kawiawi,kawiawi,,,visser2021,,false,,,Phonemic,
kara1499-9-810-1,,kara1499,9-810,kies,kies,,,visser2021,,false,,,Phonemic,
kara1499-9-840-1,,kara1499,9-840,taot,taot,,,visser2021,,false,,,Phonemic,
kara1499-9-890-1,,kara1499,9-890,cat,cat,,Malay or other Austronesian loan,visser2021,,true,,,Phonemic,
kara1499-10-110-1,,kara1499,10-110,iar,iar,,,visser2021,,false,,,Phonemic,
kara1499-10-120-1,,kara1499,10-120,barotma,barotma,,,visser2021,,false,,,Phonemic,
kara1499-10-120-2,,kara1499,10-120,roye,roye,,,visser2021,,false,,,Phonemic,
kara1499-10-120-3,,kara1499,10-120,malaouk,malaouk,,,visser2021,,false,,,Phonemic,
kara1499-10-120-4,,kara1499,10-120,mayilma,mayilma,,,visser2021,,false,,,Phonemic,
kara1499-10-130-1,,kara1499,10-130,barotma,barotma,,,visser2021,,false,,,Phonemic,
kara1499-10-130-2,,kara1499,10-130,naurar,naurar,,,visser2021,,false,,,Phonemic,
kara1499-10-130-3,,kara1499,10-130,roye,roye,,,visser2021,,false,,,Phonemic,
kara1499-10-140-1,,kara1499,10-140,kies,kies,,,visser2021,,false,,,Phonemic,
kara1499-10-140-2,,kara1499,10-140,kafan,kafan,,,visser2021,,false,,,Phonemic,
kara1499-10-140-3,,kara1499,10-140,karap,karap,,,visser2021,,false,,,Phonemic,
kara1499-10-150-1,,kara1499,10-150,nabulis,nabulis,,,visser2021,,false,,,Phonemic,
kara1499-10-160-1,,kara1499,10-160,matur,matur,,,visser2021,,false,,,Phonemic,
kara1499-10-160-2,,kara1499,10-160,paruak,paruak,,,visser2021,,false,,,Phonemic,
kara1499-10-160-3,,kara1499,10-160,lapas,lapas,,,visser2021,,false,,,Phonemic,
kara1499-10-160-4,,kara1499,10-160,naberuak,naberuak,,,visser2021,,false,,,Phonemic,
kara1499-10-160-5,,kara1499,10-160,komamun,komamun,,,visser2021,,false,,,Phonemic,
kara1499-10-170-1,,kara1499,10-170,golma,golma,,,visser2021,,false,,,Phonemic,
kara1499-10-220-1,,kara1499,10-220,masak,masak,,,visser2021,,false,,,Phonemic,
kara1499-10-220-2,,kara1499,10-220,ganggie,ganggie,,,visser2021,,false,,,Phonemic,
kara1499-10-230-1,,kara1499,10-230,tur,tur,,,visser2021,,false,,,Phonemic,
kara1499-10-250-1,,kara1499,10-250,komain,komain,,,visser2021,,false,,,Phonemic,
kara1499-10-250-2,,kara1499,10-250,muk,muk,,,visser2021,,false,,,Phonemic,
kara1499-10-250-3,,kara1499,10-250,walawala,walawala,,,visser2021,,false,,,Phonemic,
kara1499-10-250-4,,kara1499,10-250,mudi,mudi,,,visser2021,,false,,,Phonemic,
kara1499-10-252-1,,kara1499,10-252,loku,loku,,,visser2021,,false,,,Phonemic,
kara1499-10-260-1,,kara1499,10-260,tun,tun,,,visser2021,,false,,,Phonemic,
kara1499-10-260-2,,kara1499,10-260,goyang,goyang,,Malay or other Austronesian loan,visser2021,,true,,,Phonemic,
kara1499-10-330-1,,kara1499,10-330,dare,dare,,,visser2021,,false,,,Phonemic,
kara1499-10-340-1,,kara1499,10-340,pouk,pouk,,,visser2021,,false,,,Phonemic,
kara1499-10-350-1,,kara1499,10-350,yie,yie,,,visser2021,,false,,,Phonemic,
kara1499-10-351-1,,kara1499,10-351,ar,ar,,,visser2021,,false,,,Phonemic,
kara1499-10-360-1,,kara1499,10-360,kinggir,kinggir,,,visser2021,,false,,,Phonemic,
kara1499-10-370-1,,kara1499,10-370,pararuo,pararuo,,,visser2021,,false,,,Phonemic,
kara1499-10-380-1,,kara1499,10-380,kou,kou,,,visser2021,,false,,,Phonemic,
kara1499-10-410-1,,kara1499,10-410,gareor,gareor,,,visser2021,,false,,,Phonemic,
kara1499-10-410-2,,kara1499,10-410,guadang,guadang,,,visser2021,,false,,,Phonemic,
kara1499-10-410-3,,kara1499,10-410,manggaren,manggaren,,,visser2021,,false,,,Phonemic,
kara1499-10-412-1,,kara1499,10-412,eiruk,eiruk,,,visser2021,,false,,,Phonemic,
kara1499-10-420-1,,kara1499,10-420,sou,sou,,,visser2021,,false,,,Phonemic,
kara1499-10-430-1,,kara1499,10-430,dalang,dalang,,,visser2021,,false,,,Phonemic,
kara1499-10-431-1,,kara1499,10-431,sempang,sempang,,Malay or other Austronesian loan,visser2021,,true,,,Phonemic,
kara1499-10-440-1,,kara1499,10-440,nasula,nasula,,Malay or other Austronesian loan,visser2021,,true,,,Phonemic,
kara1499-10-440-2,,kara1499,10-440,tarian,tarian,,,visser2021,,false,,,Phonemic,
kara1499-10-450-1,,kara1499,10-450,marmar,marmar,,,visser2021,,false,,,Phonemic,
kara1499-10-460-1,,kara1499,10-460,kiem,kiem,,,visser2021,,false,,,Phonemic,
kara1499-10-460-2,,kara1499,10-460,tiri,tiri,,,visser2021,,false,,,Phonemic,
kara1499-10-470-1,,kara1499,10-470,bo,bo,,,visser2021,,false,,,Phonemic,
kara1499-10-471-1,,kara1499,10-471,sara,sara,,,visser2021,,false,,,Phonemic,
kara1499-10-471-2,,kara1499,10-471,era,era,,,visser2021,,false,,,Phonemic,
kara1499-10-472-1,,kara1499,10-472,sara,sara,,,visser2021,,false,,,Phonemic,
kara1499-10-473-1,,kara1499,10-473,bara,bara,,,visser2021,,false,,,Phonemic,
kara1499-10-474-1,,kara1499,10-474,taluk,taluk,,,visser2021,,false,,,Phonemic,
kara1499-10-480-1,,kara1499,10-480,mia,mia,,,visser2021,,false,,,Phonemic,
kara1499-10-481-1,,kara1499,10-481,yecie,yecie,,,visser2021,,false,,,Phonemic,
kara1499-10-491-1,,kara1499,10-491,gosomin,gosomin,,,visser2021,,false,,,Phonemic,
kara1499-10-510-1,,kara1499,10-510,kiem,kiem,,,visser2021,,false,,,Phonemic,
kara1499-10-520-1,,kara1499,10-520,pareir,pareir,,,visser2021,,false,,,Phonemic,
kara1499-10-530-1,,kara1499,10-530,sarie,sarie,,,visser2021,,false,,,Phonemic,
kara1499-10-550-1,,kara1499,10-550,kobes,kobes,,,visser2021,,false,,,Phonemic,
kara1499-10-570-1,,kara1499,10-570,masuk,masuk,,Malay or other Austronesian loan,visser2021,,true,,,Phonemic,
kara1499-10-610-1,,kara1499,10-610,poup,poup,,living being on back,visser2021,,false,,,Phonemic,
kara1499-10-612-1,,kara1499,10-612,tanggo,tanggo,,,visser2021,,false,,,Phonemic,
kara1499-10-613-1,,kara1499,10-613,lebaleba,lebaleba,,,visser2021,,false,,,Phonemic,
kara1499-10-613-2,,kara1499,10-613,bitko,bitko,,,visser2021,,false,,,Phonemic,
kara1499-10-614-1,,kara1499,10-614,pabie,pabie,,with help of string around neck,visser2021,,false,,,Phonemic,
kara1499-10-615-1,,kara1499,10-615,nawas,nawas,,,visser2021,,false,,,Phonemic,
kara1499-10-620-1,,kara1499,10-620,kuru,kuru,,,visser2021,,false,,,Phonemic,
kara1499-10-620-2,,kara1499,10-620,kuet,kuet,,,visser2021,,false,,,Phonemic,
kara1499-10-620-3,,kara1499,10-620,bon,bon,,,visser2021,,false,,,Phonemic,
kara1499-10-630-1,,kara1499,10-630,kiempanait,kiempanait,,,visser2021,,false,,,Phonemic,
kara1499-10-630-2,,kara1499,10-630,kama,kama,,,visser2021,,false,,,Phonemic,
kara1499-10-640-1,,kara1499,10-640,narorar,narorar,,,visser2021,,false,,,Phonemic,
kara1499-10-660-1,,kara1499,10-660,tiri,tiri,,"motor boat, bike",visser2021,,false,,,Phonemic,
kara1499-10-670-1,,kara1499,10-670,deir,deir,,,visser2021,,false,,,Phonemic,
kara1499-10-670-2,,kara1499,10-670,kosiaur,kosiaur,,,visser2021,,false,,,Phonemic,
kara1499-10-710-1,,kara1499,10-710,urap,urap,,,visser2021,,false,,,Phonemic,
kara1499-10-710-2,,kara1499,10-710,borun,borun,,,visser2021,,false,,,Phonemic,
kara1499-10-720-1,,kara1499,10-720,urap,urap,,,visser2021,,false,,,Phonemic,
kara1499-10-810-1,,kara1499,10-810,kapal,kapal,,Malay or other Austronesian loan,visser2021,,true,,,Phonemic,
kara1499-10-830-1,,kara1499,10-830,kapal,kapal,,Malay or other Austronesian loan,visser2021,,true,,,Phonemic,
kara1499-10-831-1,,kara1499,10-831,et,et,,,visser2021,,false,,,Phonemic,
kara1499-10-832-1,,kara1499,10-832,sanngat,sanngat,,,visser2021,,false,,,Phonemic,
kara1499-10-832-2,,kara1499,10-832,saser,saser,,,visser2021,,false,,,Phonemic,
kara1499-10-850-1,,kara1499,10-850,yal,yal,,,visser2021,,false,,,Phonemic,
kara1499-10-851-1,,kara1499,10-851,yal,yal,,,visser2021,,false,,,Phonemic,
kara1499-10-852-1,,kara1499,10-852,yal,yal,,,visser2021,,false,,,Phonemic,
kara1499-10-860-1,,kara1499,10-860,uli,uli,,,visser2021,,false,,,Phonemic,
kara1499-10-870-1,,kara1499,10-870,peler,peler,,,visser2021,,false,,,Phonemic,
kara1499-10-880-1,,kara1499,10-880,kier,kier,,,visser2021,,false,,,Phonemic,
kara1499-10-890-1,,kara1499,10-890,saor,saor,,,visser2021,,false,,,Phonemic,
kara1499-10-910-1,,kara1499,10-910,los,los,,,visser2021,,false,,,Phonemic,
kara1499-10-920-1,,kara1499,10-920,mararak,mararak,,,visser2021,,false,,,Phonemic,
kara1499-11-150-1,,kara1499,11-150,kinkin,kinkin,,,visser2021,,false,,,Phonemic,
kara1499-11-150-2,,kara1499,11-150,iar,iar,,,visser2021,,false,,,Phonemic,
kara1499-11-150-3,,kara1499,11-150,tanggo,tanggo,,,visser2021,,false,,,Phonemic,
kara1499-11-160-1,,kara1499,11-160,jie,jie,,,visser2021,,false,,,Phonemic,
kara1499-11-160-2,,kara1499,11-160,rep,rep,,,visser2021,,false,,,Phonemic,
kara1499-11-180-1,,kara1499,11-180,don,don,,,visser2021,,false,,,Phonemic,
kara1499-11-220-1,,kara1499,11-220,namasuk,namasuk,,,visser2021,,false,,,Phonemic,
kara1499-11-240-1,,kara1499,11-240,cam,cam,,,visser2021,,false,,,Phonemic,
kara1499-11-270-1,,kara1499,11-270,fakurat,fakurat,,,visser2021,,false,,,Phonemic,
kara1499-11-310-1,,kara1499,11-310,sanngara,sanngara,,,visser2021,,false,,,Phonemic,
kara1499-11-320-1,,kara1499,11-320,koluk,koluk,,,visser2021,,false,,,Phonemic,
kara1499-11-430-1,,kara1499,11-430,lolok,lolok,,,visser2021,,false,,,Phonemic,
kara1499-11-430-2,,kara1499,11-430,pitis,pitis,,,visser2021,,false,,,Phonemic,
kara1499-11-510-1,,kara1499,11-510,kaya,kaya,,,visser2021,,false,,,Phonemic,
kara1499-11-540-1,,kara1499,11-540,kir,kir,,,visser2021,,false,,,Phonemic,
kara1499-11-620-1,,kara1499,11-620,napinjang,napinjang,,Malay or other Austronesian loan,visser2021,,true,,,Phonemic,
kara1499-11-640-1,,kara1499,11-640,uran,uran,,,visser2021,,false,,,Phonemic,
kara1499-11-650-1,,kara1499,11-650,newer,newer,,,visser2021,,false,,,Phonemic,
kara1499-11-810-1,,kara1499,11-810,jie,jie,,,visser2021,,false,,,Phonemic,
kara1499-11-820-1,,kara1499,11-820,parein,parein,,,visser2021,,false,,,Phonemic,
kara1499-11-850-1,,kara1499,11-850,pasar,pasar,,Malay or other Austronesian loan,visser2021,,true,,,Phonemic,
kara1499-11-870-1,,kara1499,11-870,pareinun,pareinun,,,visser2021,,false,,,Phonemic,
kara1499-11-910-1,,kara1499,11-910,yap,yap,,,visser2021,,false,,,Phonemic,
kara1499-12-10-1,,kara1499,12-10,setela,setela,,Malay or other Austronesian loan,visser2021,,true,,,Phonemic,
kara1499-12-11-1,,kara1499,12-11,silepko,silepko,,,visser2021,,false,,,Phonemic,
kara1499-12-11-2,,kara1499,12-11,epko,epko,,,visser2021,,false,,,Phonemic,
kara1499-12-11-3,,kara1499,12-11,silep-,silep-,,,visser2021,,false,,,Phonemic,
kara1499-12-11-4,,kara1499,12-11,ep-,ep-,,,visser2021,,false,,,Phonemic,
kara1499-12-20-1,,kara1499,12-20,mul-,mul-,,,visser2021,,false,,,Phonemic,
kara1499-12-20-2,,kara1499,12-20,mulko,mulko,,,visser2021,,false,,,Phonemic,
kara1499-12-30-1,,kara1499,12-30,elak-,elak-,,,visser2021,,false,,,Phonemic,
kara1499-12-30-2,,kara1499,12-30,elao,elao,,,visser2021,,false,,,Phonemic,
kara1499-12-41-1,,kara1499,12-41,borara,borara,,,visser2021,,false,,,Phonemic,
kara1499-12-41-2,,kara1499,12-41,kalaor,kalaor,,,visser2021,,false,,,Phonemic,
kara1499-12-41-3,,kara1499,12-41,sabar,sabar,,,visser2021,,false,,,Phonemic,
kara1499-12-41-4,,kara1499,12-41,kanggirarunggo,kanggirarunggo,,,visser2021,,false,,,Phonemic,
kara1499-12-50-1,,kara1499,12-50,ner-,ner-,,,visser2021,,false,,,Phonemic,
kara1499-12-50-2,,kara1499,12-50,neko,neko,,,visser2021,,false,,,Phonemic,
kara1499-12-50-3,,kara1499,12-50,nerun,nerun,,,visser2021,,false,,,Phonemic,
kara1499-12-50-4,,kara1499,12-50,nerunggo,nerunggo,,,visser2021,,false,,,Phonemic,
kara1499-12-60-1,,kara1499,12-60,kol-,kol-,,,visser2021,,false,,,Phonemic,
kara1499-12-60-2,,kara1499,12-60,talep,talep,,,visser2021,,false,,,Phonemic,
kara1499-12-60-3,,kara1499,12-60,kolko,kolko,,,visser2021,,false,,,Phonemic,
kara1499-12-70-1,,kara1499,12-70,elak-,elak-,,,visser2021,,false,,,Phonemic,
kara1499-12-70-2,,kara1499,12-70,elao,elao,,,visser2021,,false,,,Phonemic,
kara1499-12-80-1,,kara1499,12-80,keit-,keit-,,,visser2021,,false,,,Phonemic,
kara1499-12-80-2,,kara1499,12-80,keitko,keitko,,,visser2021,,false,,,Phonemic,
kara1499-12-110-1,,kara1499,12-110,go,go,,,visser2021,,false,,,Phonemic,
kara1499-12-120-1,,kara1499,12-120,maraouk,maraouk,,,visser2021,,false,,,Phonemic,
kara1499-12-130-1,,kara1499,12-130,meleluo,meleluo,,,visser2021,,false,,,Phonemic,
kara1499-12-150-1,,kara1499,12-150,mambara,mambara,,,visser2021,,false,,,Phonemic,
kara1499-12-160-1,,kara1499,12-160,tua,tua,,,visser2021,,false,,,Phonemic,
kara1499-12-160-2,,kara1499,12-160,gocie,gocie,,,visser2021,,false,,,Phonemic,
kara1499-12-170-1,,kara1499,12-170,naharen,naharen,,,visser2021,,false,,,Phonemic,
kara1499-12-210-1,,kara1499,12-210,rep,rep,,,visser2021,,false,,,Phonemic,
kara1499-12-210-2,,kara1499,12-210,natada,natada,,Malay or other Austronesian loan,visser2021,,true,,,Phonemic,
kara1499-12-210-3,,kara1499,12-210,olol,olol,,,visser2021,,false,,,Phonemic,
kara1499-12-212-1,,kara1499,12-212,kajie,kajie,,,visser2021,,false,,,Phonemic,
kara1499-12-213-1,,kara1499,12-213,tengguen,tengguen,,,visser2021,,false,,,Phonemic,
kara1499-12-213-2,,kara1499,12-213,merengguen,merengguen,,,visser2021,,false,,,Phonemic,
kara1499-12-232-1,,kara1499,12-232,yap,yap,,,visser2021,,false,,,Phonemic,
kara1499-12-240-1,,kara1499,12-240,paherma,paherma,,,visser2021,,false,,,Phonemic,
kara1499-12-240-2,,kara1499,12-240,wirma,wirma,,,visser2021,,false,,,Phonemic,
kara1499-12-240-3,,kara1499,12-240,tangguorma,tangguorma,,,visser2021,,false,,,Phonemic,
kara1499-12-240-4,,kara1499,12-240,nasiwik,nasiwik,,,visser2021,,false,,,Phonemic,
kara1499-12-240-5,,kara1499,12-240,kahetma,kahetma,,,visser2021,,false,,,Phonemic,
kara1499-12-240-6,,kara1499,12-240,borma,borma,,,visser2021,,false,,,Phonemic,
kara1499-12-250-1,,kara1499,12-250,koyen,koyen,,,visser2021,,false,,,Phonemic,
kara1499-12-250-2,,kara1499,12-250,komasasuk,komasasuk,,,visser2021,,false,,,Phonemic,
kara1499-12-250-3,,kara1499,12-250,tara,tara,,,visser2021,,false,,,Phonemic,
kara1499-12-250-4,,kara1499,12-250,sanggie,sanggie,,,visser2021,,false,,,Phonemic,
kara1499-12-250-5,,kara1499,12-250,nunun,nunun,,,visser2021,,false,,,Phonemic,
kara1499-12-250-6,,kara1499,12-250,nawarak,nawarak,,,visser2021,,false,,,Phonemic,
kara1499-12-260-1,,kara1499,12-260,komasabur,komasabur,,,visser2021,,false,,,Phonemic,
kara1499-12-260-2,,kara1499,12-260,koyen,koyen,,,visser2021,,false,,,Phonemic,
kara1499-12-260-3,,kara1499,12-260,komasasuk,komasasuk,,,visser2021,,false,,,Phonemic,
kara1499-12-270-1,,kara1499,12-270,mormor,mormor,,,visser2021,,false,,,Phonemic,
kara1499-12-270-2,,kara1499,12-270,nung,nung,,,visser2021,,false,,,Phonemic,
kara1499-12-310-1,,kara1499,12-310,nawarir,nawarir,,,visser2021,,false,,,Phonemic,
kara1499-12-320-1,,kara1499,12-320,garos,garos,,of tide only,visser2021,,false,,,Phonemic,
kara1499-12-330-1,,kara1499,12-330,keit-,keit-,,,visser2021,,false,,,Phonemic,
kara1499-12-340-1,,kara1499,12-340,elak-,elak-,,,visser2021,,false,,,Phonemic,
kara1499-12-352-1,,kara1499,12-352,belbel,belbel,,,visser2021,,false,,,Phonemic,
kara1499-12-353-1,,kara1499,12-353,as-,as-,,,visser2021,,false,,,Phonemic,
kara1499-12-353-2,,kara1499,12-353,asun,asun,,,visser2021,,false,,,Phonemic,
kara1499-12-353-3,,kara1499,12-353,siep-,siep-,,,visser2021,,false,,,Phonemic,
kara1499-12-353-4,,kara1499,12-353,sieun,sieun,,,visser2021,,false,,,Phonemic,
kara1499-12-353-5,,kara1499,12-353,duk,duk,,,visser2021,,false,,,Phonemic,
kara1499-12-360-1,,kara1499,12-360,mul-,mul-,,,visser2021,,false,,,Phonemic,
kara1499-12-360-2,,kara1499,12-360,mulun,mulun,,,visser2021,,false,,,Phonemic,
kara1499-12-360-3,,kara1499,12-360,kirarun,kirarun,,,visser2021,,false,,,Phonemic,
kara1499-12-360-4,,kara1499,12-360,tair,tair,,,visser2021,,false,,,Phonemic,
kara1499-12-360-5,,kara1499,12-360,-dok,-dok,,,visser2021,,false,,,Phonemic,
kara1499-12-360-6,,kara1499,12-360,-pis,-pis,,,visser2021,,false,,,Phonemic,
kara1499-12-370-1,,kara1499,12-370,raor,raor,,,visser2021,,false,,,Phonemic,
kara1499-12-410-1,,kara1499,12-410,tanbes,tanbes,,,visser2021,,false,,,Phonemic,
kara1499-12-420-1,,kara1499,12-420,tantayon,tantayon,,,visser2021,,false,,,Phonemic,
kara1499-12-430-1,,kara1499,12-430,kokir,kokir,,,visser2021,,false,,,Phonemic,
kara1499-12-440-1,,kara1499,12-440,kahen,kahen,,,visser2021,,false,,,Phonemic,
kara1499-12-450-1,,kara1499,12-450,talawak,talawak,,,visser2021,,false,,,Phonemic,
kara1499-12-460-1,,kara1499,12-460,daru,daru,,,visser2021,,false,,,Phonemic,
kara1499-12-460-2,,kara1499,12-460,kemanur,kemanur,,,visser2021,,false,,,Phonemic,
kara1499-12-470-1,,kara1499,12-470,kuawi,kuawi,,,visser2021,,false,,,Phonemic,
kara1499-12-480-1,,kara1499,12-480,tarangin,tarangin,,,visser2021,,false,,,Phonemic,
kara1499-12-530-1,,kara1499,12-530,kos,kos,,,visser2021,,false,,,Phonemic,
kara1499-12-540-1,,kara1499,12-540,ukir,ukir,,Malay or other Austronesian loan,visser2021,,true,,,Phonemic,
kara1499-12-541-1,,kara1499,12-541,taraman,taraman,,,visser2021,,false,,,Phonemic,
kara1499-12-550-1,,kara1499,12-550,temun,temun,,,visser2021,,false,,,Phonemic,
kara1499-12-560-1,,kara1499,12-560,cicaun,cicaun,,,visser2021,,false,,,Phonemic,
kara1499-12-560-2,,kara1499,12-560,caun,caun,,,visser2021,,false,,,Phonemic,
kara1499-12-570-1,,kara1499,12-570,kahen,kahen,,,visser2021,,false,,,Phonemic,
kara1499-12-580-1,,kara1499,12-580,ririn,ririn,,,visser2021,,false,,,Phonemic,
kara1499-12-580-2,,kara1499,12-580,kahen,kahen,,,visser2021,,false,,,Phonemic,
kara1499-12-590-1,,kara1499,12-590,tabusik,tabusik,,,visser2021,,false,,,Phonemic,
kara1499-12-610-1,,kara1499,12-610,laus,laus,,,visser2021,,false,,,Phonemic,
kara1499-12-610-2,,kara1499,12-610,soul,soul,,,visser2021,,false,,,Phonemic,
kara1499-12-620-1,,kara1499,12-620,kou,kou,,,visser2021,,false,,,Phonemic,
kara1499-12-630-1,,kara1499,12-630,mawal,mawal,,,visser2021,,false,,,Phonemic,
kara1499-12-650-1,,kara1499,12-650,samsik,samsik,,,visser2021,,false,,,Phonemic,
kara1499-12-670-1,,kara1499,12-670,naman,naman,,,visser2021,,false,,,Phonemic,
kara1499-12-710-1,,kara1499,12-710,rata,rata,,Malay or other Austronesian loan,visser2021,,true,,,Phonemic,
kara1499-12-730-1,,kara1499,12-730,yuorsik,yuorsik,,,visser2021,,false,,,Phonemic,
kara1499-12-740-1,,kara1499,12-740,maulcie,maulcie,,,visser2021,,false,,,Phonemic,
kara1499-12-740-2,,kara1499,12-740,kawarcie,kawarcie,,,visser2021,,false,,,Phonemic,
kara1499-12-740-3,,kara1499,12-740,taungtaung,taungtaung,,,visser2021,,false,,,Phonemic,
kara1499-12-750-1,,kara1499,12-750,kaling,kaling,,for fishing,visser2021,,false,,,Phonemic,
kara1499-12-760-1,,kara1499,12-760,sair,sair,,,visser2021,,false,,,Phonemic,
kara1499-12-830-1,,kara1499,12-830,gol,gol,,,visser2021,,false,,,Phonemic,
kara1499-12-850-1,,kara1499,12-850,pos,pos,,,visser2021,,false,,,Phonemic,
kara1499-12-850-2,,kara1499,12-850,suarkang,suarkang,,,visser2021,,false,,,Phonemic,
kara1499-12-920-1,,kara1499,12-920,nain,nain,,,visser2021,,false,,,Phonemic,
kara1499-12-930-1,,kara1499,12-930,salir,salir,,,visser2021,,false,,,Phonemic,
kara1499-12-930-2,,kara1499,12-930,naruba,naruba,,,visser2021,,false,,,Phonemic,
kara1499-13-0-1,,kara1499,13-0,saerak,saerak,,,visser2021,,false,,,Phonemic,
kara1499-13-10-1,,kara1499,13-10,kaninggonie,kaninggonie,,,visser2021,,false,,,Phonemic,
kara1499-13-20-1,,kara1499,13-20,eir,eir,,,visser2021,,false,,,Phonemic,
kara1499-13-30-1,,kara1499,13-30,karuok,karuok,,,visser2021,,false,,,Phonemic,
kara1499-13-40-1,,kara1499,13-40,kansuor,kansuor,,,visser2021,,false,,,Phonemic,
kara1499-13-50-1,,kara1499,13-50,ap,ap,,,visser2021,,false,,,Phonemic,
kara1499-13-60-1,,kara1499,13-60,raman,raman,,,visser2021,,false,,,Phonemic,
kara1499-13-70-1,,kara1499,13-70,ramandalin,ramandalin,,,visser2021,,false,,,Phonemic,
kara1499-13-80-1,,kara1499,13-80,irie,irie,,,visser2021,,false,,,Phonemic,
kara1499-13-90-1,,kara1499,13-90,kaninggonie,kaninggonie,,,visser2021,,false,,,Phonemic,
kara1499-13-100-1,,kara1499,13-100,putkon,putkon,,,visser2021,,false,,,Phonemic,
kara1499-13-101-1,,kara1499,13-101,putkon ba kon,putkon ba kon,,,visser2021,,false,,,Phonemic,
kara1499-13-102-1,,kara1499,13-102,putkon ba eir,putkon ba eir,,,visser2021,,false,,,Phonemic,
kara1499-13-103-1,,kara1499,13-103,putkon ba ap,putkon ba ap,,,visser2021,,false,,,Phonemic,
kara1499-13-104-1,,kara1499,13-104,purir,purir,,,visser2021,,false,,,Phonemic,
kara1499-13-105-1,,kara1499,13-105,reit,reit,,,visser2021,,false,,,Phonemic,
kara1499-13-106-1,,kara1499,13-106,ripi,ripi,,,visser2021,,false,,,Phonemic,
kara1499-13-107-1,,kara1499,13-107,narekin,narekin,,Austronesian loan,visser2021,,true,,,Phonemic,
kara1499-13-140-1,,kara1499,13-140,tebonggan,tebonggan,,,visser2021,,false,,,Phonemic,
kara1499-13-150-1,,kara1499,13-150,reidak,reidak,,,visser2021,,false,,,Phonemic,
kara1499-13-160-1,,kara1499,13-160,lebe,lebe,,Malay or other Austronesian loan,visser2021,,true,,,Phonemic,
kara1499-13-170-1,,kara1499,13-170,reingge,reingge,,,visser2021,,false,,,Phonemic,
kara1499-13-180-1,,kara1499,13-180,cukup,cukup,,Malay or other Austronesian loan,visser2021,,true,,,Phonemic,
kara1499-13-181-1,,kara1499,13-181,ikon,ikon,,,visser2021,,false,,,Phonemic,
kara1499-13-181-2,,kara1499,13-181,taukon,taukon,,,visser2021,,false,,,Phonemic,
kara1499-13-181-3,,kara1499,13-181,utkon,utkon,,,visser2021,,false,,,Phonemic,
kara1499-13-210-1,,kara1499,13-210,mikon,mikon,,,visser2021,,false,,,Phonemic,
kara1499-13-220-1,,kara1499,13-220,saerak,saerak,,,visser2021,,false,,,Phonemic,
kara1499-13-230-1,,kara1499,13-230,selet,selet,,,visser2021,,false,,,Phonemic,
kara1499-13-240-1,,kara1499,13-240,tabak,tabak,,,visser2021,,false,,,Phonemic,
kara1499-13-330-1,,kara1499,13-330,-saet,-saet,,,visser2021,,false,,,Phonemic,
kara1499-13-330-2,,kara1499,13-330,-tak,-tak,,,visser2021,,false,,,Phonemic,
kara1499-13-340-1,,kara1499,13-340,giarun,giarun,,,visser2021,,false,,,Phonemic,
kara1499-13-350-1,,kara1499,13-350,epkadok,epkadok,,,visser2021,,false,,,Phonemic,
kara1499-13-380-1,,kara1499,13-380,wanir,wanir,,,visser2021,,false,,,Phonemic,
kara1499-13-440-1,,kara1499,13-440,wanggaruok,wanggaruok,,,visser2021,,false,,,Phonemic,
kara1499-14-110-1,,kara1499,14-110,waktu,waktu,,Malay or other Austronesian loan,visser2021,,true,,,Phonemic,
kara1499-14-110-2,,kara1499,14-110,jaman,jaman,,Malay or other Austronesian loan,visser2021,,true,,,Phonemic,
kara1499-14-120-1,,kara1499,14-120,usia,usia,,Malay or other Austronesian loan,visser2021,,true,,,Phonemic,
kara1499-14-130-1,,kara1499,14-130,giarun,giarun,,,visser2021,,false,,,Phonemic,
kara1499-14-140-1,,kara1499,14-140,towari,towari,,,visser2021,,false,,,Phonemic,
kara1499-14-140-2,,kara1499,14-140,kalomun,kalomun,,,visser2021,,false,,,Phonemic,
kara1499-14-150-1,,kara1499,14-150,tik,tik,,,visser2021,,false,,,Phonemic,
kara1499-14-150-2,,kara1499,14-150,sawaun,sawaun,,,visser2021,,false,,,Phonemic,
kara1499-14-180-1,,kara1499,14-180,opatun,opatun,,,visser2021,,false,,,Phonemic,
kara1499-14-180-2,,kara1499,14-180,sekarang,sekarang,,Malay or other Austronesian loan,visser2021,,true,,,Phonemic,
kara1499-14-210-1,,kara1499,14-210,mon,mon,,,visser2021,,false,,,Phonemic,
kara1499-14-210-2,,kara1499,14-210,loi,loi,,,visser2021,,false,,,Phonemic,
kara1499-14-220-1,,kara1499,14-220,siktak,siktak,,,visser2021,,false,,,Phonemic,
kara1499-14-230-1,,kara1499,14-230,loi,loi,,,visser2021,,false,,,Phonemic,
kara1499-14-250-1,,kara1499,14-250,mulai,mulai,,Malay loan,visser2021,,true,,,Phonemic,
kara1499-14-250-2,,kara1499,14-250,istar,istar,,Dutch loan,visser2021,,true,,,Phonemic,
kara1499-14-260-1,,kara1499,14-260,koyet,koyet,,,visser2021,,false,,,Phonemic,
kara1499-14-270-1,,kara1499,14-270,koyet,koyet,,,visser2021,,false,,,Phonemic,
kara1499-14-280-1,,kara1499,14-280,berhenti,berhenti,,Malay or Dutch loan,visser2021,,true,,,Phonemic,
kara1499-14-280-2,,kara1499,14-280,istop,istop,,Malay or Dutch loan,visser2021,,true,,,Phonemic,
kara1499-14-280-3,,kara1499,14-280,telin,telin,,,visser2021,,false,,,Phonemic,
kara1499-14-290-1,,kara1499,14-290,siap,siap,,Malay or other Austronesian loan,visser2021,,true,,,Phonemic,
kara1499-14-332-1,,kara1499,14-332,tik,tik,,,visser2021,,false,,,Phonemic,
kara1499-14-340-1,,kara1499,14-340,tok,tok,,,visser2021,,false,,,Phonemic,
kara1499-14-350-1,,kara1499,14-350,koi,koi,,,visser2021,,false,,,Phonemic,
kara1499-14-350-2,,kara1499,14-350,-taet,-taet,,,visser2021,,false,,,Phonemic,
kara1499-14-410-1,,kara1499,14-410,yuol,yuol,,,visser2021,,false,,,Phonemic,
kara1499-14-420-1,,kara1499,14-420,saun,saun,,,visser2021,,false,,,Phonemic,
kara1499-14-430-1,,kara1499,14-430,sobas,sobas,,,visser2021,,false,,,Phonemic,
kara1499-14-440-1,,kara1499,14-440,naupar,naupar,,,visser2021,,false,,,Phonemic,
kara1499-14-440-2,,kara1499,14-440,go dung,go dung,,,visser2021,,false,,,Phonemic,
kara1499-14-450-1,,kara1499,14-450,yuon nawariri,yuon nawariri,,,visser2021,,false,,,Phonemic,
kara1499-14-450-2,,kara1499,14-450,daruon,daruon,,,visser2021,,false,,,Phonemic,
kara1499-14-451-1,,kara1499,14-451,go gingginr,go gingginr,,,visser2021,,false,,,Phonemic,
kara1499-14-460-1,,kara1499,14-460,go saun,go saun,,,visser2021,,false,,,Phonemic,
kara1499-14-470-1,,kara1499,14-470,opa yuwa,opa yuwa,,,visser2021,,false,,,Phonemic,
kara1499-14-480-1,,kara1499,14-480,kasur,kasur,,,visser2021,,false,,,Phonemic,
kara1499-14-481-1,,kara1499,14-481,keirko,keirko,,,visser2021,,false,,,Phonemic,
kara1499-14-490-1,,kara1499,14-490,wis,wis,,,visser2021,,false,,,Phonemic,
kara1499-14-491-1,,kara1499,14-491,keitar,keitar,,,visser2021,,false,,,Phonemic,
kara1499-14-510-1,,kara1499,14-510,jam,jam,,Malay or other Austronesian loan,visser2021,,true,,,Phonemic,
kara1499-14-530-1,,kara1499,14-530,jam,jam,,Malay or other Austronesian loan,visser2021,,true,,,Phonemic,
kara1499-14-610-1,,kara1499,14-610,minggu,minggu,,Malay or other Austronesian loan,visser2021,,true,,,Phonemic,
kara1499-14-620-1,,kara1499,14-620,ahat,ahat,,Malay or other Austronesian loan,visser2021,,true,,,Phonemic,
kara1499-14-620-2,,kara1499,14-620,minggu,minggu,,Malay or other Austronesian loan,visser2021,,true,,,Phonemic,
kara1499-14-630-1,,kara1499,14-630,senen,senen,,Malay or other Austronesian loan,visser2021,,true,,,Phonemic,
kara1499-14-640-1,,kara1499,14-640,selasa,selasa,,Malay or other Austronesian loan,visser2021,,true,,,Phonemic,
kara1499-14-650-1,,kara1499,14-650,roba,roba,,Malay or other Austronesian loan,visser2021,,true,,,Phonemic,
kara1499-14-660-1,,kara1499,14-660,kamis,kamis,,Malay or other Austronesian loan,visser2021,,true,,,Phonemic,
kara1499-14-670-1,,kara1499,14-670,ariemun,ariemun,,Malay or other Austronesian loan,visser2021,,true,,,Phonemic,
kara1499-14-670-2,,kara1499,14-670,jumat,jumat,,Malay or other Austronesian loan,visser2021,,true,,,Phonemic,
kara1499-14-680-1,,kara1499,14-680,sabtu,sabtu,,Malay or other Austronesian loan,visser2021,,true,,,Phonemic,
kara1499-14-710-1,,kara1499,14-710,pak,pak,,,visser2021,,false,,,Phonemic,
kara1499-14-730-1,,kara1499,14-730,tanggon,tanggon,,,visser2021,,false,,,Phonemic,
kara1499-14-780-1,,kara1499,14-780,mosun,mosun,,,visser2021,,false,,,Phonemic,
kara1499-15-210-1,,kara1499,15-210,gawar,gawar,,,visser2021,,false,,,Phonemic,
kara1499-15-220-1,,kara1499,15-220,gawar,gawar,,,visser2021,,false,,,Phonemic,
kara1499-15-220-2,,kara1499,15-220,lauk,lauk,,,visser2021,,false,,,Phonemic,
kara1499-15-250-1,,kara1499,15-250,gawar,gawar,,,visser2021,,false,,,Phonemic,
kara1499-15-260-1,,kara1499,15-260,gawar,gawar,,,visser2021,,false,,,Phonemic,
kara1499-15-310-1,,kara1499,15-310,narasa,narasa,,Malay or other Austronesian loan,visser2021,,true,,,Phonemic,
kara1499-15-350-1,,kara1499,15-350,pen,pen,,,visser2021,,false,,,Phonemic,
kara1499-15-360-1,,kara1499,15-360,sira,sira,,,visser2021,,false,,,Phonemic,
kara1499-15-370-1,,kara1499,15-370,mang,mang,,,visser2021,,false,,,Phonemic,
kara1499-15-380-1,,kara1499,15-380,mor,mor,,,visser2021,,false,,,Phonemic,
kara1499-15-390-1,,kara1499,15-390,pasirwasir,pasirwasir,,,visser2021,,false,,,Phonemic,
kara1499-15-410-1,,kara1499,15-410,ra,ra,,,visser2021,,false,,,Phonemic,
kara1499-15-410-2,,kara1499,15-410,kelua,kelua,,,visser2021,,false,,,Phonemic,
kara1499-15-420-1,,kara1499,15-420,kelua,kelua,,,visser2021,,false,,,Phonemic,
kara1499-15-440-1,,kara1499,15-440,ar,ar,,,visser2021,,false,,,Phonemic,
kara1499-15-440-2,,kara1499,15-440,nun,nun,,,visser2021,,false,,,Phonemic,
kara1499-15-450-1,,kara1499,15-450,laur,laur,,,visser2021,,false,,,Phonemic,
kara1499-15-510-1,,kara1499,15-510,kome,kome,,,visser2021,,false,,,Phonemic,
kara1499-15-510-2,,kara1499,15-510,kona,kona,,,visser2021,,false,,,Phonemic,
kara1499-15-520-1,,kara1499,15-520,kome,kome,,,visser2021,,false,,,Phonemic,
kara1499-15-520-2,,kara1499,15-520,kona,kona,,,visser2021,,false,,,Phonemic,
kara1499-15-550-1,,kara1499,15-550,naunak,naunak,,,visser2021,,false,,,Phonemic,
kara1499-15-550-2,,kara1499,15-550,nawarik,nawarik,,,visser2021,,false,,,Phonemic,
kara1499-15-550-3,,kara1499,15-550,balaok,balaok,,,visser2021,,false,,,Phonemic,
kara1499-15-560-1,,kara1499,15-560,yuolyuol,yuolyuol,,,visser2021,,false,,,Phonemic,
kara1499-15-560-2,,kara1499,15-560,delepdelep,delepdelep,,,visser2021,,false,,,Phonemic,
kara1499-15-570-1,,kara1499,15-570,yuolyuol,yuolyuol,,,visser2021,,false,,,Phonemic,
kara1499-15-620-1,,kara1499,15-620,yuolyuol,yuolyuol,,,visser2021,,false,,,Phonemic,
kara1499-15-640-1,,kara1499,15-640,iriskap,iriskap,,,visser2021,,false,,,Phonemic,
kara1499-15-650-1,,kara1499,15-650,kuskap,kuskap,,,visser2021,,false,,,Phonemic,
kara1499-15-660-1,,kara1499,15-660,kerkap,kerkap,,,visser2021,,false,,,Phonemic,
kara1499-15-670-1,,kara1499,15-670,welenggap,welenggap,,,visser2021,,false,,,Phonemic,
kara1499-15-680-1,,kara1499,15-680,welenggap,welenggap,,,visser2021,,false,,,Phonemic,
kara1499-15-690-1,,kara1499,15-690,baranggap,baranggap,,,visser2021,,false,,,Phonemic,
kara1499-15-710-1,,kara1499,15-710,kosara,kosara,,,visser2021,,false,,,Phonemic,
kara1499-15-712-1,,kara1499,15-712,pulma,pulma,,,visser2021,,false,,,Phonemic,
kara1499-15-720-1,,kara1499,15-720,rasa,rasa,,,visser2021,,false,,,Phonemic,
kara1499-15-740-1,,kara1499,15-740,karan,karan,,,visser2021,,false,,,Phonemic,
kara1499-15-750-1,,kara1499,15-750,kalawen,kalawen,,,visser2021,,false,,,Phonemic,
kara1499-15-760-1,,kara1499,15-760,kasar,kasar,,Malay or other Austronesian loan,visser2021,,true,,,Phonemic,
kara1499-15-780-1,,kara1499,15-780,kang,kang,,,visser2021,,false,,,Phonemic,
kara1499-15-780-2,,kara1499,15-780,belbel,belbel,,,visser2021,,false,,,Phonemic,
kara1499-15-790-1,,kara1499,15-790,karaonggis,karaonggis,,,visser2021,,false,,,Phonemic,
kara1499-15-810-1,,kara1499,15-810,tagier,tagier,,,visser2021,,false,,,Phonemic,
kara1499-15-820-1,,kara1499,15-820,sumsik,sumsik,,,visser2021,,false,,,Phonemic,
kara1499-15-820-2,,kara1499,15-820,suensik,suensik,,,visser2021,,false,,,Phonemic,
kara1499-15-830-1,,kara1499,15-830,kamen,kamen,,,visser2021,,false,,,Phonemic,
kara1499-15-840-1,,kara1499,15-840,kararak,kararak,,,visser2021,,false,,,Phonemic,
kara1499-15-850-1,,kara1499,15-850,lalang,lalang,,,visser2021,,false,,,Phonemic,
kara1499-15-851-1,,kara1499,15-851,lalang,lalang,,,visser2021,,false,,,Phonemic,
kara1499-15-860-1,,kara1499,15-860,lu,lu,,,visser2021,,false,,,Phonemic,
kara1499-15-860-2,,kara1499,15-860,kawes,kawes,,,visser2021,,false,,,Phonemic,
kara1499-15-870-1,,kara1499,15-870,barsi,barsi,,Malay or other Austronesian loan,visser2021,,true,,,Phonemic,
kara1499-15-880-1,,kara1499,15-880,kotur,kotur,,Malay or other Austronesian loan,visser2021,,true,,,Phonemic,
kara1499-16-110-1,,kara1499,16-110,arwa,arwa,,Malay or other Austronesian loan,visser2021,,true,,,Phonemic,
kara1499-16-110-2,,kara1499,16-110,roh,roh,,,visser2021,,false,,,Phonemic,
kara1499-16-180-1,,kara1499,16-180,tanggal,tanggal,,,visser2021,,false,,,Phonemic,
kara1499-16-190-1,,kara1499,16-190,saier,saier,,,visser2021,,false,,,Phonemic,
kara1499-16-230-1,,kara1499,16-230,sanang,sanang,,Malay or other Austronesian loan,visser2021,,true,,,Phonemic,
kara1499-16-250-1,,kara1499,16-250,rap,rap,,,visser2021,,false,,,Phonemic,
kara1499-16-250-2,,kara1499,16-250,komayeki,komayeki,,,visser2021,,false,,,Phonemic,
kara1499-16-290-1,,kara1499,16-290,namusi,namusi,,Malay or other Austronesian loan,visser2021,,true,,,Phonemic,
kara1499-16-300-1,,kara1499,16-300,koup,koup,,,visser2021,,false,,,Phonemic,
kara1499-16-340-1,,kara1499,16-340,namenyasal,namenyasal,,Malay or other Austronesian loan,visser2021,,true,,,Phonemic,
kara1499-16-370-1,,kara1499,16-370,ecua,ecua,,,visser2021,,false,,,Phonemic,
kara1499-16-370-2,,kara1499,16-370,eruap,eruap,,,visser2021,,false,,,Phonemic,
kara1499-16-380-1,,kara1499,16-380,pertam,pertam,,,visser2021,,false,,,Phonemic,
kara1499-16-420-1,,kara1499,16-420,kademor,kademor,,verb,visser2021,,false,,,Phonemic,
kara1499-16-420-2,,kara1499,16-420,bonaras,bonaras,,verb,visser2021,,false,,,Phonemic,
kara1499-16-420-3,,kara1499,16-420,kouran,kouran,,verb,visser2021,,false,,,Phonemic,
kara1499-16-420-4,,kara1499,16-420,kacok,kacok,,verb,visser2021,,false,,,Phonemic,
kara1499-16-420-5,,kara1499,16-420,koewa,koewa,,verb,visser2021,,false,,,Phonemic,
kara1499-16-530-1,,kara1499,16-530,sem,sem,,,visser2021,,false,,,Phonemic,
kara1499-16-620-1,,kara1499,16-620,mau,mau,,Malay or other Austronesian loan,visser2021,,true,,,Phonemic,
kara1499-16-620-2,,kara1499,16-620,lo,lo,,,visser2021,,false,,,Phonemic,
kara1499-16-660-1,,kara1499,16-660,yuor,yuor,,,visser2021,,false,,,Phonemic,
kara1499-16-670-1,,kara1499,16-670,taouk,taouk,,,visser2021,,false,,,Phonemic,
kara1499-16-670-2,,kara1499,16-670,kidi,kidi,,,visser2021,,false,,,Phonemic,
kara1499-16-670-3,,kara1499,16-670,marok,marok,,,visser2021,,false,,,Phonemic,
kara1499-16-710-1,,kara1499,16-710,bes,bes,,,visser2021,,false,,,Phonemic,
kara1499-16-720-1,,kara1499,16-720,ten,ten,,,visser2021,,false,,,Phonemic,
kara1499-16-730-1,,kara1499,16-730,yuor,yuor,,,visser2021,,false,,,Phonemic,
kara1499-16-740-1,,kara1499,16-740,sala,sala,,Malay or other Austronesian loan,visser2021,,true,,,Phonemic,
kara1499-16-760-1,,kara1499,16-760,kasalahan,kasalahan,,Malay or other Austronesian loan,visser2021,,true,,,Phonemic,
kara1499-16-770-1,,kara1499,16-770,kasalahan,kasalahan,,Malay or other Austronesian loan,visser2021,,true,,,Phonemic,
kara1499-16-830-1,,kara1499,16-830,kir,kir,,,visser2021,,false,,,Phonemic,
kara1499-17-130-1,,kara1499,17-130,nafikir,nafikir,,Malay or other Austronesian loan,visser2021,,true,,,Phonemic,
kara1499-17-140-1,,kara1499,17-140,kona,kona,,,visser2021,,false,,,Phonemic,
kara1499-17-140-2,,kara1499,17-140,toni,toni,,,visser2021,,false,,,Phonemic,
kara1499-17-150-1,,kara1499,17-150,parcai,parcai,,,visser2021,,false,,,Phonemic,
kara1499-17-170-1,,kara1499,17-170,gonggin,gonggin,,,visser2021,,false,,,Phonemic,
kara1499-17-220-1,,kara1499,17-220,boda,boda,,Malay or other Austronesian loan,visser2021,,true,,,Phonemic,
kara1499-17-240-1,,kara1499,17-240,belajar,belajar,,Malay or other Austronesian loan,visser2021,,true,,,Phonemic,
kara1499-17-242-1,,kara1499,17-242,belajar,belajar,,Malay or other Austronesian loan,visser2021,,true,,,Phonemic,
kara1499-17-250-1,,kara1499,17-250,ajar,ajar,,Malay or other Austronesian loan,visser2021,,true,,,Phonemic,
kara1499-17-270-1,,kara1499,17-270,guru,guru,,Malay or other Austronesian loan,visser2021,,true,,,Phonemic,
kara1499-17-280-1,,kara1499,17-280,sekola,sekola,,Malay or other Austronesian loan,visser2021,,true,,,Phonemic,
kara1499-17-310-1,,kara1499,17-310,konenen,konenen,,,visser2021,,false,,,Phonemic,
kara1499-17-320-1,,kara1499,17-320,konawaruo,konawaruo,,,visser2021,,false,,,Phonemic,
kara1499-17-340-1,,kara1499,17-340,sir,sir,,,visser2021,,false,,,Phonemic,
kara1499-17-450-1,,kara1499,17-450,parlu,parlu,,Malay or other Austronesian loan,visser2021,,true,,,Phonemic,
kara1499-17-460-1,,kara1499,17-460,gampang,gampang,,Malay or other Austronesian loan,visser2021,,true,,,Phonemic,
kara1499-17-470-1,,kara1499,17-470,susia,susia,,Malay or other Austronesian loan,visser2021,,true,,,Phonemic,
kara1499-17-480-1,,kara1499,17-480,coba,coba,,Malay or other Austronesian loan,visser2021,,true,,,Phonemic,
kara1499-17-490-1,,kara1499,17-490,cara,cara,,Malay or other Austronesian loan,visser2021,,true,,,Phonemic,
kara1499-17-510-1,,kara1499,17-510,ba,ba,,,visser2021,,false,,,Phonemic,
kara1499-17-520-1,,kara1499,17-520,-tenden,-tenden,,,visser2021,,false,,,Phonemic,
kara1499-17-540-1,,kara1499,17-540,ye,ye,,,visser2021,,false,,,Phonemic,
kara1499-17-550-1,,kara1499,17-550,iyo,iyo,,,visser2021,,false,,,Phonemic,
kara1499-17-550-2,,kara1499,17-550,esie,esie,,,visser2021,,false,,,Phonemic,
kara1499-17-560-1,,kara1499,17-560,ge,ge,,,visser2021,,false,,,Phonemic,
kara1499-17-610-1,,kara1499,17-610,tamandi,tamandi,,,visser2021,,false,,,Phonemic,
kara1499-17-620-1,,kara1499,17-620,puraman,puraman,,,visser2021,,false,,,Phonemic,
kara1499-17-630-1,,kara1499,17-630,puraman,puraman,,,visser2021,,false,,,Phonemic,
kara1499-17-640-1,,kara1499,17-640,neba,neba,,,visser2021,,false,,,Phonemic,
kara1499-17-650-1,,kara1499,17-650,yuol tama,yuol tama,,,visser2021,,false,,,Phonemic,
kara1499-17-660-1,,kara1499,17-660,tamatko,tamatko,,,visser2021,,false,,,Phonemic,
kara1499-17-670-1,,kara1499,17-670,tama,tama,,,visser2021,,false,,,Phonemic,
kara1499-17-680-1,,kara1499,17-680,naman,naman,,,visser2021,,false,,,Phonemic,
kara1499-17-690-1,,kara1499,17-690,nenggap,nenggap,,,visser2021,,false,,,Phonemic,
kara1499-18-110-1,,kara1499,18-110,mang,mang,,,visser2021,,false,,,Phonemic,
kara1499-18-120-1,,kara1499,18-120,mirik,mirik,,,visser2021,,false,,,Phonemic,
kara1499-18-120-2,,kara1499,18-120,nanggan,nanggan,,,visser2021,,false,,,Phonemic,
kara1499-18-120-3,,kara1499,18-120,menyanyi,menyanyi,,Malay or other Austronesian loan,visser2021,,true,,,Phonemic,
kara1499-18-130-1,,kara1499,18-130,narabir,narabir,,,visser2021,,false,,,Phonemic,
kara1499-18-130-2,,kara1499,18-130,arekmang,arekmang,,,visser2021,,false,,,Phonemic,
kara1499-18-130-3,,kara1499,18-130,genggueng,genggueng,,,visser2021,,false,,,Phonemic,
kara1499-18-150-1,,kara1499,18-150,noknok,noknok,,,visser2021,,false,,,Phonemic,
kara1499-18-170-1,,kara1499,18-170,wuong,wuong,,,visser2021,,false,,,Phonemic,
kara1499-18-190-1,,kara1499,18-190,ewa,ewa,,,visser2021,,false,,,Phonemic,
kara1499-18-210-1,,kara1499,18-210,garunggarung,garunggarung,,,visser2021,,false,,,Phonemic,
kara1499-18-220-1,,kara1499,18-220,toni,toni,,,visser2021,,false,,,Phonemic,
kara1499-18-220-2,,kara1499,18-220,taruo,taruo,,,visser2021,,false,,,Phonemic,
kara1499-18-221-1,,kara1499,18-221,rer,rer,,,visser2021,,false,,,Phonemic,
kara1499-18-230-1,,kara1499,18-230,nokidak,nokidak,,,visser2021,,false,,,Phonemic,
kara1499-18-240-1,,kara1499,18-240,mang,mang,,,visser2021,,false,,,Phonemic,
kara1499-18-280-1,,kara1499,18-280,in,in,,,visser2021,,false,,,Phonemic,
kara1499-18-310-1,,kara1499,18-310,gerket,gerket,,,visser2021,,false,,,Phonemic,
kara1499-18-320-1,,kara1499,18-320,jawab,jawab,,Malay or other Austronesian loan,visser2021,,true,,,Phonemic,
kara1499-18-350-1,,kara1499,18-350,gerket,gerket,,,visser2021,,false,,,Phonemic,
kara1499-18-350-2,,kara1499,18-350,paning,paning,,,visser2021,,false,,,Phonemic,
kara1499-18-360-1,,kara1499,18-360,janji,janji,,Malay or other Austronesian loan,visser2021,,true,,,Phonemic,
kara1499-18-360-2,,kara1499,18-360,panok,panok,,,visser2021,,false,,,Phonemic,
kara1499-18-370-1,,kara1499,18-370,sukaun ge,sukaun ge,,,visser2021,,false,,,Phonemic,
kara1499-18-410-1,,kara1499,18-410,gonggung,gonggung,,,visser2021,,false,,,Phonemic,
kara1499-18-410-2,,kara1499,18-410,paning,paning,,,visser2021,,false,,,Phonemic,
kara1499-18-420-1,,kara1499,18-420,wolnelebor,wolnelebor,,in a ritual sense,visser2021,,false,,,Phonemic,
kara1499-18-510-1,,kara1499,18-510,natulis,natulis,,Malay or other Austronesian loan,visser2021,,true,,,Phonemic,
kara1499-18-520-1,,kara1499,18-520,nabaca,nabaca,,Malay or other Austronesian loan,visser2021,,true,,,Phonemic,
kara1499-18-560-1,,kara1499,18-560,kortas,kortas,,Malay or other Austronesian loan,visser2021,,true,,,Phonemic,
kara1499-18-610-1,,kara1499,18-610,buk,buk,,Malay or other Austronesian loan,visser2021,,true,,,Phonemic,
kara1499-18-710-1,,kara1499,18-710,wangguwanggus,wangguwanggus,,,visser2021,,false,,,Phonemic,
kara1499-18-720-1,,kara1499,18-720,tiri,tiri,,,visser2021,,false,,,Phonemic,
kara1499-19-160-1,,kara1499,19-160,leng,leng,,,visser2021,,false,,,Phonemic,
kara1499-19-170-1,,kara1499,19-170,kerap,kerap,,,visser2021,,false,,,Phonemic,
kara1499-19-170-2,,kara1499,19-170,tamun,tamun,,,visser2021,,false,,,Phonemic,
kara1499-19-210-1,,kara1499,19-210,umat,umat,,Malay or other Austronesian loan,visser2021,,true,,,Phonemic,
kara1499-19-230-1,,kara1499,19-230,teit-,teit-,,,visser2021,,false,,,Phonemic,
kara1499-19-320-1,,kara1499,19-320,leit,leit,,,visser2021,,false,,,Phonemic,
kara1499-19-330-1,,kara1499,19-330,leit pas,leit pas,,,visser2021,,false,,,Phonemic,
kara1499-19-420-1,,kara1499,19-420,ke,ke,,,visser2021,,false,,,Phonemic,
kara1499-19-450-1,,kara1499,19-450,sirie,sirie,,,visser2021,,false,,,Phonemic,
kara1499-19-450-2,,kara1499,19-450,panok,panok,,,visser2021,,false,,,Phonemic,
kara1499-19-450-3,,kara1499,19-450,okmang,okmang,,,visser2021,,false,,,Phonemic,
kara1499-19-510-1,,kara1499,19-510,lidan,lidan,,,visser2021,,false,,,Phonemic,
kara1499-19-510-2,,kara1499,19-510,sobat,sobat,,,visser2021,,false,,,Phonemic,
kara1499-19-510-3,,kara1499,19-510,taman,taman,,Malay or other Austronesian loan,visser2021,,true,,,Phonemic,
kara1499-19-540-1,,kara1499,19-540,teit-,teit-,,,visser2021,,false,,,Phonemic,
kara1499-19-550-1,,kara1499,19-550,somkabas,somkabas,,,visser2021,,false,,,Phonemic,
kara1499-19-550-2,,kara1499,19-550,sontumkabas,sontumkabas,,,visser2021,,false,,,Phonemic,
kara1499-19-560-1,,kara1499,19-560,tamu,tamu,,Malay or other Austronesian loan,visser2021,,true,,,Phonemic,
kara1499-19-580-1,,kara1499,19-580,rup,rup,,,visser2021,,false,,,Phonemic,
kara1499-19-590-1,,kara1499,19-590,namot,namot,,,visser2021,,false,,,Phonemic,
kara1499-19-610-1,,kara1499,19-610,kalour,kalour,,,visser2021,,false,,,Phonemic,
kara1499-19-620-1,,kara1499,19-620,malawan,malawan,,Malay or other Austronesian loan,visser2021,,true,,,Phonemic,
kara1499-19-620-2,,kara1499,19-620,baku malawan,baku malawan,,Malay or other Austronesian loan,visser2021,,true,,,Phonemic,
kara1499-19-650-1,,kara1499,19-650,koluk,koluk,,,visser2021,,false,,,Phonemic,
kara1499-19-650-2,,kara1499,19-650,nauleluk,nauleluk,,,visser2021,,false,,,Phonemic,
kara1499-20-110-1,,kara1499,20-110,nausair,nausair,,,visser2021,,false,,,Phonemic,
kara1499-20-110-2,,kara1499,20-110,naras,naras,,,visser2021,,false,,,Phonemic,
kara1499-20-220-1,,kara1499,20-220,pabiep,pabiep,,,visser2021,,false,,,Phonemic,
kara1499-20-240-1,,kara1499,20-240,pusir,pusir,,,visser2021,,false,,,Phonemic,
kara1499-20-250-1,,kara1499,20-250,karop,karop,,,visser2021,,false,,,Phonemic,
kara1499-20-260-1,,kara1499,20-260,gala,gala,,,visser2021,,false,,,Phonemic,
kara1499-20-260-2,,kara1499,20-260,posiwosi,posiwosi,,,visser2021,,false,,,Phonemic,
kara1499-20-520-1,,kara1499,20-520,kaling,kaling,,,visser2021,,false,,,Phonemic,
kara1499-20-530-1,,kara1499,20-530,nika,nika,,,visser2021,,false,,,Phonemic,
kara1499-20-530-2,,kara1499,20-530,wien,wien,,,visser2021,,false,,,Phonemic,
kara1499-20-540-1,,kara1499,20-540,hukat,hukat,,,visser2021,,false,,,Phonemic,
kara1499-20-540-2,,kara1499,20-540,suelet,suelet,,,visser2021,,false,,,Phonemic,
kara1499-20-550-1,,kara1499,20-550,fer,fer,,,visser2021,,false,,,Phonemic,
kara1499-20-550-2,,kara1499,20-550,gawar,gawar,,,visser2021,,false,,,Phonemic,
kara1499-20-560-1,,kara1499,20-560,set,set,,,visser2021,,false,,,Phonemic,
kara1499-20-610-1,,kara1499,20-610,sarie,sarie,,,visser2021,,false,,,Phonemic,
kara1499-20-620-1,,kara1499,20-620,saroum,saroum,,,visser2021,,false,,,Phonemic,
kara1499-20-620-2,,kara1499,20-620,sair,sair,,,visser2021,,false,,,Phonemic,
kara1499-20-620-3,,kara1499,20-620,karop,karop,,,visser2021,,false,,,Phonemic,
kara1499-20-630-1,,kara1499,20-630,kotipol,kotipol,,,visser2021,,false,,,Phonemic,
kara1499-21-390-1,,kara1499,21-390,lembaga,lembaga,,Malay or other Austronesian loan,visser2021,,true,,,Phonemic,
kara1499-21-390-2,,kara1499,21-390,pinjara,pinjara,,,visser2021,,false,,,Phonemic,
kara1499-21-510-1,,kara1499,21-510,kuek,kuek,,,visser2021,,false,,,Phonemic,
kara1499-21-510-2,,kara1499,21-510,eksuet,eksuet,,,visser2021,,false,,,Phonemic,
kara1499-21-520-1,,kara1499,21-520,eksuet,eksuet,,,visser2021,,false,,,Phonemic,
kara1499-22-150-1,,kara1499,22-150,sinara,sinara,,,visser2021,,false,,,Phonemic,
kara1499-22-150-2,,kara1499,22-150,saier,saier,,,visser2021,,false,,,Phonemic,
kara1499-22-150-3,,kara1499,22-150,buoksarun,buoksarun,,,visser2021,,false,,,Phonemic,
kara1499-22-160-1,,kara1499,22-160,nasambian,nasambian,,Malay or other Austronesian loan,visser2021,,true,,,Phonemic,
kara1499-22-170-1,,kara1499,22-170,natawar,natawar,,Malay or other Austronesian loan,visser2021,,true,,,Phonemic,
kara1499-22-180-1,,kara1499,22-180,leba,leba,,imam,visser2021,,false,,,Phonemic,
kara1499-22-240-1,,kara1499,22-240,kout,kout,,,visser2021,,false,,,Phonemic,
kara1499-22-350-1,,kara1499,22-350,sietan,sietan,,,visser2021,,false,,,Phonemic,
kara1499-22-420-1,,kara1499,22-420,war,war,,,visser2021,,false,,,Phonemic,
kara1499-22-430-1,,kara1499,22-430,sontum warten,sontum warten,,,visser2021,,false,,,Phonemic,
